log_id,equipment_id,date,actual_operating_time_min,planned_operating_time_min,downtime_failure_min,downtime_maintenance_min,units_produced,defective_units
1,EQ-01,2019-01-01,461,480,17,15,1281,12
2,EQ-02,2019-01-01,408,480,18,18,1692,22
3,EQ-03,2019-01-01,391,480,37,16,1030,7
4,EQ-04,2019-01-01,407,480,24,15,1574,11
5,EQ-01,2019-01-02,471,480,44,28,1225,19
6,EQ-02,2019-01-02,455,480,27,15,1163,18
7,EQ-03,2019-01-02,423,480,27,19,1220,15
8,EQ-04,2019-01-02,393,480,15,27,1099,16
9,EQ-01,2019-01-03,424,480,26,16,1470,22
10,EQ-02,2019-01-03,450,480,28,26,1591,11
11,EQ-03,2019-01-03,417,480,15,22,1103,17
12,EQ-04,2019-01-03,400,480,33,26,1214,13
13,EQ-01,2019-01-04,457,480,20,22,1167,19
14,EQ-02,2019-01-04,428,480,27,22,1332,6
15,EQ-03,2019-01-04,409,480,12,25,1410,13
16,EQ-04,2019-01-04,388,480,23,25,1217,25
17,EQ-01,2019-01-05,211,240,17,15,576,7
18,EQ-02,2019-01-05,209,240,9,15,417,3
19,EQ-03,2019-01-05,195,240,22,15,487,4
20,EQ-04,2019-01-05,227,240,23,15,459,6
21,EQ-01,2019-01-06,205,240,16,15,406,3
22,EQ-02,2019-01-06,212,240,20,15,373,8
23,EQ-03,2019-01-06,183,240,8,15,389,7
24,EQ-04,2019-01-06,190,240,18,15,502,2
25,EQ-01,2019-01-07,429,480,34,29,1541,13
26,EQ-02,2019-01-07,450,480,10,18,1698,22
27,EQ-03,2019-01-07,414,480,31,18,1300,18
28,EQ-04,2019-01-07,400,480,39,15,1269,21
29,EQ-01,2019-01-08,402,480,42,18,1640,14
30,EQ-02,2019-01-08,461,480,42,21,1156,16
31,EQ-03,2019-01-08,400,480,44,15,1613,15
32,EQ-04,2019-01-08,442,480,11,18,1371,14
33,EQ-01,2019-01-09,410,480,13,22,1580,7
34,EQ-02,2019-01-09,390,480,41,17,1545,9
35,EQ-03,2019-01-09,396,480,40,20,1271,21
36,EQ-04,2019-01-09,457,480,37,21,1552,11
37,EQ-01,2019-01-10,471,480,29,27,1687,25
38,EQ-02,2019-01-10,427,480,38,29,1123,12
39,EQ-03,2019-01-10,408,480,14,25,1021,23
40,EQ-04,2019-01-10,450,480,24,22,1007,7
41,EQ-01,2019-01-11,470,480,13,22,1069,6
42,EQ-02,2019-01-11,422,480,14,22,1285,20
43,EQ-03,2019-01-11,407,480,44,19,1584,23
44,EQ-04,2019-01-11,440,480,25,30,1416,11
45,EQ-01,2019-01-12,186,240,8,15,518,5
46,EQ-02,2019-01-12,226,240,6,15,522,7
47,EQ-03,2019-01-12,226,240,15,15,554,8
48,EQ-04,2019-01-12,208,240,9,15,458,3
49,EQ-01,2019-01-13,184,240,19,15,556,8
50,EQ-02,2019-01-13,215,240,8,15,362,7
51,EQ-03,2019-01-13,214,240,5,15,598,2
52,EQ-04,2019-01-13,228,240,12,15,392,5
53,EQ-01,2019-01-14,442,480,40,21,1410,6
54,EQ-02,2019-01-14,401,480,34,15,1399,13
55,EQ-03,2019-01-14,438,480,28,28,1569,20
56,EQ-04,2019-01-14,399,480,22,24,1222,6
57,EQ-01,2019-01-15,454,480,44,16,1321,6
58,EQ-02,2019-01-15,386,480,40,20,1058,21
59,EQ-03,2019-01-15,390,480,21,17,1609,7
60,EQ-04,2019-01-15,466,480,25,27,1122,23
61,EQ-01,2019-01-16,411,480,12,17,1429,23
62,EQ-02,2019-01-16,452,480,43,25,1267,11
63,EQ-03,2019-01-16,465,480,30,22,1271,17
64,EQ-04,2019-01-16,396,480,29,29,1323,7
65,EQ-01,2019-01-17,381,480,39,18,1075,22
66,EQ-02,2019-01-17,407,480,42,23,1135,16
67,EQ-03,2019-01-17,388,480,25,26,1291,10
68,EQ-04,2019-01-17,436,480,44,24,1626,25
69,EQ-01,2019-01-18,447,480,10,24,1679,8
70,EQ-02,2019-01-18,397,480,26,18,1109,22
71,EQ-03,2019-01-18,399,480,27,24,1619,11
72,EQ-04,2019-01-18,471,480,31,21,1649,13
73,EQ-01,2019-01-19,212,240,20,15,414,8
74,EQ-02,2019-01-19,183,240,7,15,512,5
75,EQ-03,2019-01-19,197,240,6,15,350,4
76,EQ-04,2019-01-19,229,240,9,15,513,4
77,EQ-01,2019-01-20,190,240,19,15,491,7
78,EQ-02,2019-01-20,207,240,22,15,352,2
79,EQ-03,2019-01-20,184,240,9,15,489,2
80,EQ-04,2019-01-20,203,240,23,15,491,3
81,EQ-01,2019-01-21,435,480,18,16,1315,16
82,EQ-02,2019-01-21,385,480,32,21,1698,12
83,EQ-03,2019-01-21,465,480,16,26,1573,18
84,EQ-04,2019-01-21,459,480,19,22,1166,10
85,EQ-01,2019-01-22,432,480,11,20,1340,18
86,EQ-02,2019-01-22,414,480,20,18,1391,6
87,EQ-03,2019-01-22,424,480,29,22,1228,5
88,EQ-04,2019-01-22,388,480,27,26,1656,21
89,EQ-01,2019-01-23,422,480,11,18,1267,10
90,EQ-02,2019-01-23,454,480,26,16,1111,24
91,EQ-03,2019-01-23,435,480,32,25,1446,24
92,EQ-04,2019-01-23,445,480,17,27,1590,11
93,EQ-01,2019-01-24,412,480,12,28,1001,21
94,EQ-02,2019-01-24,448,480,22,26,1441,7
95,EQ-03,2019-01-24,465,480,31,25,1679,8
96,EQ-04,2019-01-24,472,480,29,24,1682,18
97,EQ-01,2019-01-25,421,480,35,24,1567,9
98,EQ-02,2019-01-25,404,480,36,27,1693,10
99,EQ-03,2019-01-25,458,480,29,27,1561,5
100,EQ-04,2019-01-25,418,480,28,21,1440,23
101,EQ-01,2019-01-26,218,240,25,15,432,5
102,EQ-02,2019-01-26,208,240,19,15,522,3
103,EQ-03,2019-01-26,212,240,20,15,553,8
104,EQ-04,2019-01-26,227,240,10,15,518,2
105,EQ-01,2019-01-27,198,240,21,15,519,7
106,EQ-02,2019-01-27,219,240,15,15,373,8
107,EQ-03,2019-01-27,228,240,12,15,522,4
108,EQ-04,2019-01-27,194,240,11,15,387,2
109,EQ-01,2019-01-28,385,480,25,30,1625,7
110,EQ-02,2019-01-28,438,480,36,21,1393,20
111,EQ-03,2019-01-28,431,480,25,19,1671,5
112,EQ-04,2019-01-28,393,480,37,22,1180,21
113,EQ-01,2019-01-29,439,480,13,22,1124,19
114,EQ-02,2019-01-29,397,480,39,25,1453,24
115,EQ-03,2019-01-29,472,480,42,28,1561,19
116,EQ-04,2019-01-29,400,480,40,29,1265,12
117,EQ-01,2019-01-30,461,480,27,30,1641,12
118,EQ-02,2019-01-30,415,480,38,17,1292,12
119,EQ-03,2019-01-30,414,480,31,25,1553,7
120,EQ-04,2019-01-30,397,480,19,22,1392,9
121,EQ-01,2019-01-31,470,480,23,17,1424,18
122,EQ-02,2019-01-31,422,480,44,29,1425,6
123,EQ-03,2019-01-31,406,480,36,27,1598,5
124,EQ-04,2019-01-31,453,480,34,30,1006,16
125,EQ-01,2019-02-01,418,480,34,28,1551,22
126,EQ-02,2019-02-01,457,480,24,30,1224,13
127,EQ-03,2019-02-01,435,480,41,15,1398,15
128,EQ-04,2019-02-01,465,480,35,20,1478,9
129,EQ-01,2019-02-02,219,240,22,15,356,5
130,EQ-02,2019-02-02,217,240,23,15,519,2
131,EQ-03,2019-02-02,185,240,25,15,459,3
132,EQ-04,2019-02-02,209,240,10,15,362,4
133,EQ-01,2019-02-03,204,240,15,15,404,5
134,EQ-02,2019-02-03,197,240,18,15,414,8
135,EQ-03,2019-02-03,183,240,16,15,407,7
136,EQ-04,2019-02-03,228,240,5,15,593,3
137,EQ-01,2019-02-04,410,480,18,30,1685,8
138,EQ-02,2019-02-04,452,480,23,29,1262,16
139,EQ-03,2019-02-04,401,480,17,20,1318,8
140,EQ-04,2019-02-04,454,480,11,24,1589,17
141,EQ-01,2019-02-05,430,480,22,17,1606,25
142,EQ-02,2019-02-05,411,480,16,24,1700,24
143,EQ-03,2019-02-05,395,480,12,26,1545,18
144,EQ-04,2019-02-05,464,480,33,17,1518,25
145,EQ-01,2019-02-06,423,480,10,28,1501,8
146,EQ-02,2019-02-06,435,480,33,29,1156,18
147,EQ-03,2019-02-06,402,480,43,23,1630,22
148,EQ-04,2019-02-06,441,480,39,28,1606,13
149,EQ-01,2019-02-07,421,480,25,17,1285,19
150,EQ-02,2019-02-07,411,480,39,27,1344,5
151,EQ-03,2019-02-07,443,480,30,20,1499,11
152,EQ-04,2019-02-07,425,480,26,25,1286,24
153,EQ-01,2019-02-08,469,480,27,15,1529,11
154,EQ-02,2019-02-08,390,480,25,28,1500,22
155,EQ-03,2019-02-08,410,480,40,30,1458,5
156,EQ-04,2019-02-08,391,480,28,22,1414,12
157,EQ-01,2019-02-09,199,240,23,15,444,5
158,EQ-02,2019-02-09,215,240,21,15,438,5
159,EQ-03,2019-02-09,227,240,22,15,434,4
160,EQ-04,2019-02-09,224,240,19,15,419,4
161,EQ-01,2019-02-10,196,240,12,15,380,7
162,EQ-02,2019-02-10,192,240,15,15,380,7
163,EQ-03,2019-02-10,214,240,10,15,399,3
164,EQ-04,2019-02-10,227,240,20,15,420,7
165,EQ-01,2019-02-11,455,480,43,24,1102,11
166,EQ-02,2019-02-11,417,480,24,26,1183,14
167,EQ-03,2019-02-11,381,480,44,19,1280,6
168,EQ-04,2019-02-11,386,480,45,24,1129,25
169,EQ-01,2019-02-12,442,480,16,15,1587,14
170,EQ-02,2019-02-12,386,480,26,30,1116,7
171,EQ-03,2019-02-12,467,480,13,19,1152,23
172,EQ-04,2019-02-12,395,480,45,28,1620,24
173,EQ-01,2019-02-13,428,480,38,29,1304,23
174,EQ-02,2019-02-13,434,480,29,16,1624,8
175,EQ-03,2019-02-13,406,480,23,23,1676,7
176,EQ-04,2019-02-13,400,480,25,20,1565,7
177,EQ-01,2019-02-14,400,480,10,28,1461,24
178,EQ-02,2019-02-14,440,480,28,16,1237,14
179,EQ-03,2019-02-14,470,480,28,29,1072,12
180,EQ-04,2019-02-14,413,480,22,28,1117,22
181,EQ-01,2019-02-15,408,480,19,23,1145,7
182,EQ-02,2019-02-15,387,480,20,24,1609,23
183,EQ-03,2019-02-15,416,480,38,18,1479,14
184,EQ-04,2019-02-15,469,480,35,23,1512,22
185,EQ-01,2019-02-16,211,240,19,15,370,6
186,EQ-02,2019-02-16,182,240,18,15,538,4
187,EQ-03,2019-02-16,218,240,13,15,356,2
188,EQ-04,2019-02-16,194,240,23,15,500,2
189,EQ-01,2019-02-17,228,240,13,15,497,2
190,EQ-02,2019-02-17,228,240,10,15,470,6
191,EQ-03,2019-02-17,221,240,19,15,584,4
192,EQ-04,2019-02-17,191,240,23,15,461,7
193,EQ-01,2019-02-18,442,480,15,30,1356,18
194,EQ-02,2019-02-18,422,480,30,18,1164,15
195,EQ-03,2019-02-18,432,480,41,24,1678,17
196,EQ-04,2019-02-18,450,480,12,29,1090,15
197,EQ-01,2019-02-19,412,480,30,18,1413,21
198,EQ-02,2019-02-19,380,480,44,29,1423,6
199,EQ-03,2019-02-19,404,480,43,26,1637,20
200,EQ-04,2019-02-19,460,480,38,16,1208,13
201,EQ-01,2019-02-20,450,480,18,24,1448,20
202,EQ-02,2019-02-20,395,480,11,22,1162,14
203,EQ-03,2019-02-20,450,480,10,28,1095,12
204,EQ-04,2019-02-20,394,480,39,18,1663,9
205,EQ-01,2019-02-21,443,480,28,23,1425,20
206,EQ-02,2019-02-21,440,480,25,29,1564,9
207,EQ-03,2019-02-21,429,480,22,19,1071,13
208,EQ-04,2019-02-21,433,480,31,23,1002,14
209,EQ-01,2019-02-22,472,480,29,30,1152,19
210,EQ-02,2019-02-22,449,480,34,29,1329,11
211,EQ-03,2019-02-22,409,480,36,16,1325,20
212,EQ-04,2019-02-22,464,480,19,30,1037,9
213,EQ-01,2019-02-23,208,240,8,15,484,5
214,EQ-02,2019-02-23,180,240,9,15,454,8
215,EQ-03,2019-02-23,221,240,9,15,369,5
216,EQ-04,2019-02-23,230,240,13,15,436,6
217,EQ-01,2019-02-24,224,240,17,15,516,2
218,EQ-02,2019-02-24,201,240,22,15,447,4
219,EQ-03,2019-02-24,220,240,20,15,573,6
220,EQ-04,2019-02-24,182,240,24,15,367,3
221,EQ-01,2019-02-25,460,480,28,22,1092,18
222,EQ-02,2019-02-25,392,480,16,29,1170,14
223,EQ-03,2019-02-25,383,480,12,25,1057,14
224,EQ-04,2019-02-25,425,480,33,28,1149,12
225,EQ-01,2019-02-26,447,480,36,20,1174,10
226,EQ-02,2019-02-26,390,480,34,22,1509,23
227,EQ-03,2019-02-26,398,480,24,29,1653,13
228,EQ-04,2019-02-26,438,480,26,15,1476,14
229,EQ-01,2019-02-27,466,480,44,20,1075,19
230,EQ-02,2019-02-27,424,480,29,28,1256,19
231,EQ-03,2019-02-27,418,480,22,27,1494,8
232,EQ-04,2019-02-27,410,480,34,26,1588,14
233,EQ-01,2019-02-28,469,480,28,15,1674,17
234,EQ-02,2019-02-28,415,480,10,16,1620,20
235,EQ-03,2019-02-28,416,480,24,26,1224,25
236,EQ-04,2019-02-28,404,480,26,19,1643,8
237,EQ-01,2019-03-01,460,480,12,24,1451,6
238,EQ-02,2019-03-01,454,480,33,19,1092,14
239,EQ-03,2019-03-01,421,480,36,20,1205,9
240,EQ-04,2019-03-01,449,480,33,23,1168,13
241,EQ-01,2019-03-02,210,240,14,15,541,8
242,EQ-02,2019-03-02,201,240,8,15,469,2
243,EQ-03,2019-03-02,189,240,12,15,570,7
244,EQ-04,2019-03-02,226,240,17,15,597,8
245,EQ-01,2019-03-03,215,240,16,15,373,8
246,EQ-02,2019-03-03,209,240,16,15,522,7
247,EQ-03,2019-03-03,220,240,16,15,377,7
248,EQ-04,2019-03-03,215,240,15,15,584,6
249,EQ-01,2019-03-04,439,480,29,28,1119,9
250,EQ-02,2019-03-04,385,480,12,24,1504,8
251,EQ-03,2019-03-04,392,480,25,19,1397,19
252,EQ-04,2019-03-04,427,480,44,28,1601,9
253,EQ-01,2019-03-05,433,480,16,30,1630,18
254,EQ-02,2019-03-05,415,480,12,26,1222,19
255,EQ-03,2019-03-05,436,480,25,26,1101,16
256,EQ-04,2019-03-05,449,480,32,16,1407,13
257,EQ-01,2019-03-06,404,480,17,29,1093,11
258,EQ-02,2019-03-06,462,480,11,16,1341,12
259,EQ-03,2019-03-06,396,480,23,17,1567,11
260,EQ-04,2019-03-06,455,480,23,22,1336,9
261,EQ-01,2019-03-07,456,480,10,23,1148,9
262,EQ-02,2019-03-07,449,480,26,20,1112,5
263,EQ-03,2019-03-07,396,480,10,26,1243,23
264,EQ-04,2019-03-07,421,480,11,20,1271,6
265,EQ-01,2019-03-08,396,480,36,18,1065,20
266,EQ-02,2019-03-08,437,480,33,18,1462,21
267,EQ-03,2019-03-08,408,480,12,24,1469,25
268,EQ-04,2019-03-08,383,480,13,30,1411,18
269,EQ-01,2019-03-09,223,240,8,15,475,7
270,EQ-02,2019-03-09,208,240,7,15,580,2
271,EQ-03,2019-03-09,200,240,24,15,387,2
272,EQ-04,2019-03-09,188,240,13,15,509,7
273,EQ-01,2019-03-10,217,240,22,15,532,4
274,EQ-02,2019-03-10,204,240,24,15,485,4
275,EQ-03,2019-03-10,209,240,21,15,504,5
276,EQ-04,2019-03-10,186,240,8,15,568,7
277,EQ-01,2019-03-11,463,480,45,21,1440,19
278,EQ-02,2019-03-11,409,480,36,25,1464,17
279,EQ-03,2019-03-11,433,480,16,25,1437,15
280,EQ-04,2019-03-11,465,480,26,26,1156,20
281,EQ-01,2019-03-12,388,480,15,17,1095,18
282,EQ-02,2019-03-12,396,480,45,16,1600,22
283,EQ-03,2019-03-12,425,480,37,16,1294,24
284,EQ-04,2019-03-12,407,480,19,30,1229,8
285,EQ-01,2019-03-13,415,480,24,28,1574,24
286,EQ-02,2019-03-13,458,480,45,15,1623,13
287,EQ-03,2019-03-13,383,480,21,23,1316,15
288,EQ-04,2019-03-13,424,480,10,20,1146,23
289,EQ-01,2019-03-14,464,480,35,17,1145,25
290,EQ-02,2019-03-14,383,480,15,21,1385,18
291,EQ-03,2019-03-14,438,480,31,20,1378,14
292,EQ-04,2019-03-14,472,480,30,17,1053,9
293,EQ-01,2019-03-15,400,480,13,17,1278,19
294,EQ-02,2019-03-15,464,480,37,30,1621,19
295,EQ-03,2019-03-15,433,480,27,21,1524,8
296,EQ-04,2019-03-15,424,480,37,18,1290,23
297,EQ-01,2019-03-16,211,240,21,15,520,4
298,EQ-02,2019-03-16,182,240,12,15,451,6
299,EQ-03,2019-03-16,183,240,5,15,402,4
300,EQ-04,2019-03-16,193,240,9,15,545,4
301,EQ-01,2019-03-17,198,240,15,15,380,2
302,EQ-02,2019-03-17,211,240,18,15,394,3
303,EQ-03,2019-03-17,204,240,22,15,530,3
304,EQ-04,2019-03-17,212,240,22,15,563,7
305,EQ-01,2019-03-18,425,480,14,27,1043,18
306,EQ-02,2019-03-18,382,480,39,17,1320,23
307,EQ-03,2019-03-18,434,480,35,28,1296,8
308,EQ-04,2019-03-18,431,480,11,25,1175,24
309,EQ-01,2019-03-19,438,480,33,17,1447,8
310,EQ-02,2019-03-19,411,480,37,27,1536,7
311,EQ-03,2019-03-19,430,480,29,25,1226,15
312,EQ-04,2019-03-19,401,480,14,18,1543,21
313,EQ-01,2019-03-20,404,480,32,26,1660,9
314,EQ-02,2019-03-20,410,480,16,19,1262,11
315,EQ-03,2019-03-20,402,480,19,17,1181,25
316,EQ-04,2019-03-20,443,480,39,29,1697,23
317,EQ-01,2019-03-21,462,480,30,25,1154,19
318,EQ-02,2019-03-21,388,480,40,29,1646,14
319,EQ-03,2019-03-21,415,480,13,26,1519,7
320,EQ-04,2019-03-21,419,480,39,29,1038,6
321,EQ-01,2019-03-22,427,480,28,17,1660,7
322,EQ-02,2019-03-22,454,480,45,16,1460,23
323,EQ-03,2019-03-22,444,480,19,16,1461,8
324,EQ-04,2019-03-22,444,480,21,16,1253,19
325,EQ-01,2019-03-23,203,240,16,15,584,4
326,EQ-02,2019-03-23,204,240,18,15,548,4
327,EQ-03,2019-03-23,223,240,24,15,363,8
328,EQ-04,2019-03-23,220,240,25,15,435,2
329,EQ-01,2019-03-24,201,240,8,15,492,7
330,EQ-02,2019-03-24,204,240,14,15,414,7
331,EQ-03,2019-03-24,222,240,24,15,573,3
332,EQ-04,2019-03-24,201,240,7,15,499,7
333,EQ-01,2019-03-25,398,480,32,24,1671,17
334,EQ-02,2019-03-25,396,480,15,24,1572,17
335,EQ-03,2019-03-25,462,480,31,19,1686,21
336,EQ-04,2019-03-25,391,480,37,26,1018,16
337,EQ-01,2019-03-26,419,480,21,21,1349,20
338,EQ-02,2019-03-26,404,480,24,19,1158,7
339,EQ-03,2019-03-26,417,480,16,16,1677,15
340,EQ-04,2019-03-26,459,480,18,27,1157,10
341,EQ-01,2019-03-27,403,480,20,29,1044,18
342,EQ-02,2019-03-27,426,480,25,29,1625,14
343,EQ-03,2019-03-27,475,480,38,22,1546,12
344,EQ-04,2019-03-27,419,480,40,21,1376,23
345,EQ-01,2019-03-28,436,480,39,24,1391,21
346,EQ-02,2019-03-28,447,480,36,20,1204,24
347,EQ-03,2019-03-28,397,480,26,16,1656,20
348,EQ-04,2019-03-28,427,480,45,18,1528,8
349,EQ-01,2019-03-29,416,480,15,20,1279,19
350,EQ-02,2019-03-29,445,480,19,28,1093,12
351,EQ-03,2019-03-29,437,480,32,15,1424,6
352,EQ-04,2019-03-29,430,480,42,26,1241,17
353,EQ-01,2019-03-30,185,240,16,15,407,2
354,EQ-02,2019-03-30,200,240,8,15,564,7
355,EQ-03,2019-03-30,221,240,15,15,552,3
356,EQ-04,2019-03-30,188,240,6,15,423,8
357,EQ-01,2019-03-31,210,240,9,15,544,7
358,EQ-02,2019-03-31,210,240,19,15,507,2
359,EQ-03,2019-03-31,185,240,5,15,415,3
360,EQ-04,2019-03-31,189,240,22,15,590,7
361,EQ-01,2019-04-01,457,480,43,28,1113,14
362,EQ-02,2019-04-01,410,480,29,18,1048,12
363,EQ-03,2019-04-01,433,480,39,17,1113,20
364,EQ-04,2019-04-01,456,480,44,15,1647,21
365,EQ-01,2019-04-02,453,480,25,19,1298,18
366,EQ-02,2019-04-02,380,480,32,22,1584,18
367,EQ-03,2019-04-02,403,480,15,26,1069,21
368,EQ-04,2019-04-02,449,480,42,15,1399,20
369,EQ-01,2019-04-03,385,480,34,26,1259,5
370,EQ-02,2019-04-03,473,480,16,25,1136,6
371,EQ-03,2019-04-03,402,480,39,30,1646,10
372,EQ-04,2019-04-03,438,480,12,24,1206,6
373,EQ-01,2019-04-04,419,480,42,27,1556,20
374,EQ-02,2019-04-04,412,480,12,21,1292,16
375,EQ-03,2019-04-04,386,480,31,23,1127,16
376,EQ-04,2019-04-04,435,480,35,29,1395,15
377,EQ-01,2019-04-05,403,480,41,30,1376,21
378,EQ-02,2019-04-05,414,480,15,28,1080,18
379,EQ-03,2019-04-05,457,480,21,24,1328,8
380,EQ-04,2019-04-05,390,480,30,24,1313,19
381,EQ-01,2019-04-06,218,240,18,15,392,7
382,EQ-02,2019-04-06,208,240,16,15,464,2
383,EQ-03,2019-04-06,226,240,16,15,507,5
384,EQ-04,2019-04-06,197,240,25,15,600,8
385,EQ-01,2019-04-07,183,240,7,15,521,7
386,EQ-02,2019-04-07,205,240,16,15,481,8
387,EQ-03,2019-04-07,227,240,10,15,593,2
388,EQ-04,2019-04-07,189,240,24,15,523,8
389,EQ-01,2019-04-08,436,480,12,19,1068,12
390,EQ-02,2019-04-08,462,480,33,26,1392,23
391,EQ-03,2019-04-08,384,480,19,29,1379,16
392,EQ-04,2019-04-08,436,480,14,19,1542,16
393,EQ-01,2019-04-09,430,480,30,23,1255,8
394,EQ-02,2019-04-09,383,480,21,30,1530,17
395,EQ-03,2019-04-09,451,480,17,23,1266,19
396,EQ-04,2019-04-09,407,480,28,30,1204,8
397,EQ-01,2019-04-10,397,480,14,29,1176,19
398,EQ-02,2019-04-10,391,480,30,26,1066,22
399,EQ-03,2019-04-10,449,480,28,24,1161,25
400,EQ-04,2019-04-10,402,480,33,22,1124,11
401,EQ-01,2019-04-11,397,480,25,30,1026,16
402,EQ-02,2019-04-11,450,480,33,29,1564,9
403,EQ-03,2019-04-11,458,480,15,17,1316,17
404,EQ-04,2019-04-11,471,480,40,28,1419,23
405,EQ-01,2019-04-12,389,480,18,25,1657,7
406,EQ-02,2019-04-12,396,480,45,20,1132,18
407,EQ-03,2019-04-12,395,480,43,19,1311,10
408,EQ-04,2019-04-12,424,480,43,24,1080,13
409,EQ-01,2019-04-13,188,240,25,15,427,6
410,EQ-02,2019-04-13,214,240,7,15,478,7
411,EQ-03,2019-04-13,190,240,23,15,591,6
412,EQ-04,2019-04-13,189,240,10,15,518,6
413,EQ-01,2019-04-14,226,240,24,15,436,8
414,EQ-02,2019-04-14,216,240,6,15,561,8
415,EQ-03,2019-04-14,181,240,7,15,361,7
416,EQ-04,2019-04-14,229,240,23,15,417,7
417,EQ-01,2019-04-15,406,480,36,15,1509,25
418,EQ-02,2019-04-15,449,480,28,24,1494,12
419,EQ-03,2019-04-15,467,480,35,24,1464,7
420,EQ-04,2019-04-15,468,480,13,20,1450,18
421,EQ-01,2019-04-16,441,480,39,21,1348,24
422,EQ-02,2019-04-16,398,480,30,25,1353,17
423,EQ-03,2019-04-16,396,480,33,18,1326,12
424,EQ-04,2019-04-16,439,480,17,23,1460,12
425,EQ-01,2019-04-17,398,480,16,16,1297,17
426,EQ-02,2019-04-17,458,480,36,22,1163,15
427,EQ-03,2019-04-17,453,480,30,21,1163,20
428,EQ-04,2019-04-17,445,480,39,30,1315,20
429,EQ-01,2019-04-18,382,480,15,27,1517,19
430,EQ-02,2019-04-18,410,480,23,26,1049,6
431,EQ-03,2019-04-18,416,480,41,30,1292,22
432,EQ-04,2019-04-18,381,480,16,28,1137,13
433,EQ-01,2019-04-19,473,480,33,27,1374,6
434,EQ-02,2019-04-19,431,480,13,21,1371,22
435,EQ-03,2019-04-19,416,480,14,27,1516,19
436,EQ-04,2019-04-19,450,480,27,18,1131,8
437,EQ-01,2019-04-20,205,240,16,15,553,4
438,EQ-02,2019-04-20,215,240,16,15,543,3
439,EQ-03,2019-04-20,192,240,24,15,480,5
440,EQ-04,2019-04-20,212,240,6,15,361,2
441,EQ-01,2019-04-21,188,240,15,15,555,5
442,EQ-02,2019-04-21,213,240,19,15,388,6
443,EQ-03,2019-04-21,212,240,9,15,433,6
444,EQ-04,2019-04-21,200,240,10,15,450,6
445,EQ-01,2019-04-22,474,480,29,25,1519,21
446,EQ-02,2019-04-22,440,480,11,26,1339,8
447,EQ-03,2019-04-22,456,480,40,23,1671,23
448,EQ-04,2019-04-22,441,480,20,27,1151,12
449,EQ-01,2019-04-23,404,480,11,29,1321,18
450,EQ-02,2019-04-23,399,480,36,21,1420,21
451,EQ-03,2019-04-23,458,480,40,16,1141,21
452,EQ-04,2019-04-23,406,480,45,25,1678,20
453,EQ-01,2019-04-24,447,480,34,25,1177,19
454,EQ-02,2019-04-24,448,480,31,26,1692,25
455,EQ-03,2019-04-24,468,480,26,30,1196,12
456,EQ-04,2019-04-24,415,480,45,24,1230,14
457,EQ-01,2019-04-25,416,480,23,30,1324,20
458,EQ-02,2019-04-25,424,480,45,23,1294,8
459,EQ-03,2019-04-25,453,480,44,27,1404,16
460,EQ-04,2019-04-25,398,480,28,16,1294,7
461,EQ-01,2019-04-26,424,480,38,23,1490,11
462,EQ-02,2019-04-26,405,480,44,23,1575,13
463,EQ-03,2019-04-26,397,480,16,22,1248,6
464,EQ-04,2019-04-26,465,480,43,22,1653,12
465,EQ-01,2019-04-27,183,240,8,15,455,4
466,EQ-02,2019-04-27,225,240,20,15,375,7
467,EQ-03,2019-04-27,229,240,9,15,351,6
468,EQ-04,2019-04-27,190,240,18,15,517,5
469,EQ-01,2019-04-28,210,240,25,15,401,8
470,EQ-02,2019-04-28,198,240,15,15,423,7
471,EQ-03,2019-04-28,183,240,7,15,516,6
472,EQ-04,2019-04-28,194,240,22,15,539,7
473,EQ-01,2019-04-29,384,480,21,28,1180,6
474,EQ-02,2019-04-29,430,480,41,20,1296,6
475,EQ-03,2019-04-29,381,480,29,18,1343,14
476,EQ-04,2019-04-29,438,480,44,30,1137,21
477,EQ-01,2019-04-30,439,480,27,21,1115,15
478,EQ-02,2019-04-30,400,480,39,23,1190,5
479,EQ-03,2019-04-30,474,480,31,24,1581,11
480,EQ-04,2019-04-30,402,480,35,28,1527,15
481,EQ-01,2019-05-01,391,480,35,18,1189,9
482,EQ-02,2019-05-01,441,480,30,22,1006,13
483,EQ-03,2019-05-01,429,480,25,29,1273,15
484,EQ-04,2019-05-01,418,480,10,23,1669,16
485,EQ-01,2019-05-02,468,480,25,16,1683,8
486,EQ-02,2019-05-02,439,480,29,20,1415,21
487,EQ-03,2019-05-02,470,480,29,18,1654,14
488,EQ-04,2019-05-02,427,480,24,22,1136,20
489,EQ-01,2019-05-03,399,480,39,26,1425,22
490,EQ-02,2019-05-03,465,480,23,22,1696,24
491,EQ-03,2019-05-03,447,480,33,17,1577,8
492,EQ-04,2019-05-03,405,480,44,19,1168,15
493,EQ-01,2019-05-04,193,240,23,15,475,2
494,EQ-02,2019-05-04,212,240,19,15,557,2
495,EQ-03,2019-05-04,209,240,9,15,481,5
496,EQ-04,2019-05-04,209,240,23,15,364,6
497,EQ-01,2019-05-05,209,240,14,15,535,2
498,EQ-02,2019-05-05,205,240,13,15,559,2
499,EQ-03,2019-05-05,227,240,11,15,498,2
500,EQ-04,2019-05-05,182,240,18,15,438,7
501,EQ-01,2019-05-06,388,480,44,16,1070,20
502,EQ-02,2019-05-06,384,480,28,28,1184,9
503,EQ-03,2019-05-06,462,480,36,26,1391,19
504,EQ-04,2019-05-06,428,480,34,17,1699,22
505,EQ-01,2019-05-07,397,480,32,18,1182,22
506,EQ-02,2019-05-07,430,480,43,19,1228,5
507,EQ-03,2019-05-07,382,480,29,29,1689,22
508,EQ-04,2019-05-07,434,480,44,27,1235,12
509,EQ-01,2019-05-08,438,480,32,19,1282,11
510,EQ-02,2019-05-08,472,480,17,16,1676,18
511,EQ-03,2019-05-08,458,480,11,22,1211,7
512,EQ-04,2019-05-08,392,480,12,29,1612,6
513,EQ-01,2019-05-09,411,480,12,27,1449,12
514,EQ-02,2019-05-09,449,480,23,16,1143,21
515,EQ-03,2019-05-09,417,480,24,25,1591,24
516,EQ-04,2019-05-09,466,480,30,22,1309,9
517,EQ-01,2019-05-10,464,480,43,22,1423,14
518,EQ-02,2019-05-10,415,480,13,20,1641,18
519,EQ-03,2019-05-10,451,480,41,16,1352,25
520,EQ-04,2019-05-10,465,480,34,25,1426,18
521,EQ-01,2019-05-11,189,240,14,15,446,3
522,EQ-02,2019-05-11,228,240,22,15,471,3
523,EQ-03,2019-05-11,194,240,14,15,569,7
524,EQ-04,2019-05-11,189,240,19,15,584,2
525,EQ-01,2019-05-12,215,240,18,15,597,5
526,EQ-02,2019-05-12,196,240,11,15,434,7
527,EQ-03,2019-05-12,185,240,22,15,535,8
528,EQ-04,2019-05-12,218,240,24,15,360,8
529,EQ-01,2019-05-13,472,480,45,21,1490,11
530,EQ-02,2019-05-13,422,480,29,15,1216,11
531,EQ-03,2019-05-13,474,480,17,30,1248,24
532,EQ-04,2019-05-13,470,480,23,27,1245,22
533,EQ-01,2019-05-14,421,480,28,27,1477,22
534,EQ-02,2019-05-14,463,480,32,24,1267,16
535,EQ-03,2019-05-14,445,480,41,29,1100,20
536,EQ-04,2019-05-14,420,480,23,26,1320,18
537,EQ-01,2019-05-15,385,480,24,19,1016,13
538,EQ-02,2019-05-15,450,480,36,24,1156,11
539,EQ-03,2019-05-15,422,480,24,27,1583,12
540,EQ-04,2019-05-15,443,480,45,25,1263,20
541,EQ-01,2019-05-16,472,480,41,29,1172,16
542,EQ-02,2019-05-16,401,480,18,30,1188,22
543,EQ-03,2019-05-16,462,480,13,16,1076,6
544,EQ-04,2019-05-16,380,480,36,19,1645,12
545,EQ-01,2019-05-17,388,480,19,15,1223,21
546,EQ-02,2019-05-17,438,480,33,16,1632,25
547,EQ-03,2019-05-17,465,480,40,30,1016,5
548,EQ-04,2019-05-17,448,480,45,28,1012,5
549,EQ-01,2019-05-18,213,240,13,15,487,4
550,EQ-02,2019-05-18,181,240,21,15,558,7
551,EQ-03,2019-05-18,223,240,18,15,556,3
552,EQ-04,2019-05-18,186,240,8,15,484,3
553,EQ-01,2019-05-19,195,240,11,15,508,6
554,EQ-02,2019-05-19,196,240,16,15,418,8
555,EQ-03,2019-05-19,205,240,7,15,445,5
556,EQ-04,2019-05-19,209,240,23,15,412,7
557,EQ-01,2019-05-20,408,480,29,17,1669,25
558,EQ-02,2019-05-20,384,480,15,27,1388,17
559,EQ-03,2019-05-20,450,480,40,16,1652,5
560,EQ-04,2019-05-20,469,480,20,17,1511,18
561,EQ-01,2019-05-21,462,480,31,18,1540,6
562,EQ-02,2019-05-21,409,480,23,30,1277,6
563,EQ-03,2019-05-21,389,480,27,16,1183,15
564,EQ-04,2019-05-21,382,480,23,19,1407,7
565,EQ-01,2019-05-22,418,480,20,22,1580,17
566,EQ-02,2019-05-22,474,480,18,17,1512,16
567,EQ-03,2019-05-22,423,480,35,25,1030,25
568,EQ-04,2019-05-22,409,480,32,27,1442,10
569,EQ-01,2019-05-23,459,480,28,22,1075,7
570,EQ-02,2019-05-23,414,480,19,27,1649,9
571,EQ-03,2019-05-23,474,480,34,25,1369,8
572,EQ-04,2019-05-23,391,480,10,24,1455,16
573,EQ-01,2019-05-24,414,480,16,19,1089,10
574,EQ-02,2019-05-24,435,480,38,28,1105,5
575,EQ-03,2019-05-24,391,480,32,17,1611,24
576,EQ-04,2019-05-24,421,480,34,15,1298,18
577,EQ-01,2019-05-25,204,240,7,15,535,6
578,EQ-02,2019-05-25,195,240,23,15,483,3
579,EQ-03,2019-05-25,223,240,17,15,393,3
580,EQ-04,2019-05-25,197,240,14,15,418,5
581,EQ-01,2019-05-26,189,240,7,15,392,5
582,EQ-02,2019-05-26,197,240,18,15,426,5
583,EQ-03,2019-05-26,230,240,7,15,442,4
584,EQ-04,2019-05-26,195,240,25,15,476,6
585,EQ-01,2019-05-27,458,480,22,29,1109,9
586,EQ-02,2019-05-27,418,480,10,27,1340,24
587,EQ-03,2019-05-27,428,480,31,29,1342,18
588,EQ-04,2019-05-27,463,480,18,24,1328,24
589,EQ-01,2019-05-28,468,480,22,30,1321,10
590,EQ-02,2019-05-28,430,480,30,24,1648,20
591,EQ-03,2019-05-28,453,480,25,25,1385,13
592,EQ-04,2019-05-28,430,480,33,18,1577,11
593,EQ-01,2019-05-29,455,480,44,20,1698,22
594,EQ-02,2019-05-29,383,480,39,21,1448,14
595,EQ-03,2019-05-29,468,480,14,28,1689,20
596,EQ-04,2019-05-29,397,480,29,22,1258,9
597,EQ-01,2019-05-30,471,480,37,27,1075,19
598,EQ-02,2019-05-30,456,480,40,27,1547,21
599,EQ-03,2019-05-30,468,480,36,16,1368,22
600,EQ-04,2019-05-30,456,480,15,18,1254,16
601,EQ-01,2019-05-31,401,480,12,27,1339,18
602,EQ-02,2019-05-31,393,480,10,18,1264,12
603,EQ-03,2019-05-31,445,480,43,22,1456,16
604,EQ-04,2019-05-31,430,480,39,19,1353,5
605,EQ-01,2019-06-01,210,240,8,15,425,5
606,EQ-02,2019-06-01,185,240,8,15,562,7
607,EQ-03,2019-06-01,189,240,16,15,429,4
608,EQ-04,2019-06-01,209,240,11,15,483,5
609,EQ-01,2019-06-02,202,240,20,15,374,5
610,EQ-02,2019-06-02,226,240,19,15,431,2
611,EQ-03,2019-06-02,199,240,6,15,557,7
612,EQ-04,2019-06-02,187,240,5,15,567,4
613,EQ-01,2019-06-03,462,480,16,20,1249,21
614,EQ-02,2019-06-03,434,480,39,22,1414,25
615,EQ-03,2019-06-03,430,480,11,21,1460,23
616,EQ-04,2019-06-03,406,480,27,17,1591,8
617,EQ-01,2019-06-04,421,480,22,29,1116,13
618,EQ-02,2019-06-04,465,480,41,25,1611,17
619,EQ-03,2019-06-04,458,480,35,18,1356,16
620,EQ-04,2019-06-04,438,480,21,24,1629,23
621,EQ-01,2019-06-05,390,480,18,25,1120,12
622,EQ-02,2019-06-05,419,480,17,20,1382,9
623,EQ-03,2019-06-05,445,480,34,28,1610,9
624,EQ-04,2019-06-05,453,480,34,28,1190,20
625,EQ-01,2019-06-06,461,480,44,20,1568,10
626,EQ-02,2019-06-06,442,480,28,19,1191,15
627,EQ-03,2019-06-06,437,480,13,26,1009,20
628,EQ-04,2019-06-06,397,480,22,27,1575,21
629,EQ-01,2019-06-07,463,480,41,28,1503,18
630,EQ-02,2019-06-07,470,480,38,30,1171,7
631,EQ-03,2019-06-07,452,480,11,22,1299,6
632,EQ-04,2019-06-07,415,480,24,24,1172,19
633,EQ-01,2019-06-08,216,240,20,15,490,6
634,EQ-02,2019-06-08,187,240,23,15,379,4
635,EQ-03,2019-06-08,229,240,22,15,560,4
636,EQ-04,2019-06-08,214,240,6,15,544,7
637,EQ-01,2019-06-09,208,240,22,15,405,5
638,EQ-02,2019-06-09,186,240,25,15,542,3
639,EQ-03,2019-06-09,199,240,6,15,465,4
640,EQ-04,2019-06-09,202,240,7,15,462,8
641,EQ-01,2019-06-10,395,480,25,21,1602,16
642,EQ-02,2019-06-10,470,480,37,20,1630,9
643,EQ-03,2019-06-10,406,480,23,16,1583,16
644,EQ-04,2019-06-10,448,480,27,20,1331,14
645,EQ-01,2019-06-11,417,480,27,18,1138,18
646,EQ-02,2019-06-11,387,480,27,19,1135,12
647,EQ-03,2019-06-11,398,480,30,22,1692,17
648,EQ-04,2019-06-11,442,480,19,23,1642,18
649,EQ-01,2019-06-12,428,480,38,17,1648,7
650,EQ-02,2019-06-12,427,480,39,30,1335,23
651,EQ-03,2019-06-12,391,480,39,26,1064,22
652,EQ-04,2019-06-12,407,480,41,23,1330,14
653,EQ-01,2019-06-13,442,480,31,16,1047,8
654,EQ-02,2019-06-13,460,480,39,15,1127,10
655,EQ-03,2019-06-13,436,480,39,15,1438,11
656,EQ-04,2019-06-13,468,480,18,24,1162,13
657,EQ-01,2019-06-14,391,480,33,23,1084,16
658,EQ-02,2019-06-14,465,480,20,16,1405,25
659,EQ-03,2019-06-14,419,480,24,28,1671,7
660,EQ-04,2019-06-14,470,480,16,15,1218,20
661,EQ-01,2019-06-15,184,240,9,15,501,3
662,EQ-02,2019-06-15,213,240,19,15,352,2
663,EQ-03,2019-06-15,224,240,15,15,559,2
664,EQ-04,2019-06-15,207,240,9,15,472,2
665,EQ-01,2019-06-16,194,240,17,15,372,7
666,EQ-02,2019-06-16,186,240,8,15,430,4
667,EQ-03,2019-06-16,199,240,9,15,447,8
668,EQ-04,2019-06-16,228,240,9,15,514,7
669,EQ-01,2019-06-17,398,480,14,15,1624,25
670,EQ-02,2019-06-17,401,480,38,26,1218,25
671,EQ-03,2019-06-17,475,480,19,28,1630,19
672,EQ-04,2019-06-17,407,480,15,18,1143,8
673,EQ-01,2019-06-18,455,480,34,26,1439,15
674,EQ-02,2019-06-18,397,480,25,23,1660,7
675,EQ-03,2019-06-18,411,480,45,24,1027,14
676,EQ-04,2019-06-18,406,480,43,21,1401,14
677,EQ-01,2019-06-19,462,480,13,22,1506,17
678,EQ-02,2019-06-19,394,480,25,30,1653,24
679,EQ-03,2019-06-19,389,480,43,15,1369,15
680,EQ-04,2019-06-19,396,480,34,28,1374,22
681,EQ-01,2019-06-20,467,480,21,30,1074,5
682,EQ-02,2019-06-20,455,480,14,15,1268,11
683,EQ-03,2019-06-20,385,480,13,27,1518,14
684,EQ-04,2019-06-20,460,480,42,28,1433,17
685,EQ-01,2019-06-21,390,480,44,19,1284,7
686,EQ-02,2019-06-21,419,480,15,21,1159,22
687,EQ-03,2019-06-21,421,480,35,17,1317,18
688,EQ-04,2019-06-21,473,480,25,16,1250,7
689,EQ-01,2019-06-22,207,240,8,15,466,6
690,EQ-02,2019-06-22,187,240,5,15,531,3
691,EQ-03,2019-06-22,213,240,21,15,550,8
692,EQ-04,2019-06-22,227,240,13,15,537,2
693,EQ-01,2019-06-23,197,240,21,15,366,4
694,EQ-02,2019-06-23,225,240,23,15,510,2
695,EQ-03,2019-06-23,211,240,19,15,480,4
696,EQ-04,2019-06-23,183,240,20,15,569,6
697,EQ-01,2019-06-24,401,480,33,20,1261,8
698,EQ-02,2019-06-24,453,480,17,22,1521,5
699,EQ-03,2019-06-24,385,480,10,22,1047,20
700,EQ-04,2019-06-24,426,480,34,19,1183,6
701,EQ-01,2019-06-25,450,480,36,22,1329,12
702,EQ-02,2019-06-25,433,480,30,23,1079,23
703,EQ-03,2019-06-25,427,480,17,16,1183,12
704,EQ-04,2019-06-25,446,480,12,27,1070,19
705,EQ-01,2019-06-26,416,480,29,25,1088,22
706,EQ-02,2019-06-26,438,480,10,26,1205,14
707,EQ-03,2019-06-26,452,480,29,22,1475,16
708,EQ-04,2019-06-26,455,480,41,21,1559,12
709,EQ-01,2019-06-27,399,480,10,28,1024,12
710,EQ-02,2019-06-27,449,480,32,15,1343,5
711,EQ-03,2019-06-27,464,480,34,24,1106,11
712,EQ-04,2019-06-27,447,480,25,28,1503,6
713,EQ-01,2019-06-28,398,480,27,17,1044,12
714,EQ-02,2019-06-28,446,480,36,26,1469,7
715,EQ-03,2019-06-28,454,480,16,19,1652,17
716,EQ-04,2019-06-28,389,480,13,28,1678,9
717,EQ-01,2019-06-29,195,240,14,15,416,8
718,EQ-02,2019-06-29,200,240,17,15,529,8
719,EQ-03,2019-06-29,227,240,15,15,431,5
720,EQ-04,2019-06-29,197,240,12,15,369,3
721,EQ-01,2019-06-30,188,240,23,15,377,3
722,EQ-02,2019-06-30,186,240,10,15,465,5
723,EQ-03,2019-06-30,200,240,18,15,380,6
724,EQ-04,2019-06-30,202,240,11,15,465,4
725,EQ-01,2019-07-01,439,480,26,18,1092,10
726,EQ-02,2019-07-01,467,480,29,16,1220,15
727,EQ-03,2019-07-01,398,480,15,22,1364,17
728,EQ-04,2019-07-01,445,480,13,24,1266,10
729,EQ-01,2019-07-02,383,480,35,29,1569,22
730,EQ-02,2019-07-02,411,480,16,29,1104,9
731,EQ-03,2019-07-02,395,480,10,16,1227,9
732,EQ-04,2019-07-02,405,480,35,26,1645,25
733,EQ-01,2019-07-03,390,480,26,17,1022,7
734,EQ-02,2019-07-03,396,480,15,25,1125,6
735,EQ-03,2019-07-03,453,480,37,27,1508,5
736,EQ-04,2019-07-03,407,480,21,23,1286,19
737,EQ-01,2019-07-04,458,480,25,24,1510,18
738,EQ-02,2019-07-04,450,480,40,16,1089,13
739,EQ-03,2019-07-04,429,480,18,28,1204,25
740,EQ-04,2019-07-04,447,480,25,15,1391,16
741,EQ-01,2019-07-05,441,480,44,30,1352,23
742,EQ-02,2019-07-05,444,480,30,27,1276,10
743,EQ-03,2019-07-05,383,480,30,22,1030,13
744,EQ-04,2019-07-05,387,480,40,26,1598,12
745,EQ-01,2019-07-06,190,240,8,15,413,7
746,EQ-02,2019-07-06,195,240,13,15,486,8
747,EQ-03,2019-07-06,230,240,6,15,545,3
748,EQ-04,2019-07-06,216,240,17,15,440,8
749,EQ-01,2019-07-07,191,240,10,15,410,6
750,EQ-02,2019-07-07,200,240,16,15,583,6
751,EQ-03,2019-07-07,181,240,16,15,592,6
752,EQ-04,2019-07-07,216,240,9,15,494,3
753,EQ-01,2019-07-08,443,480,44,24,1179,20
754,EQ-02,2019-07-08,384,480,15,16,1238,24
755,EQ-03,2019-07-08,408,480,11,30,1000,15
756,EQ-04,2019-07-08,458,480,22,19,1348,10
757,EQ-01,2019-07-09,421,480,13,15,1151,23
758,EQ-02,2019-07-09,470,480,19,18,1538,16
759,EQ-03,2019-07-09,389,480,33,27,1600,8
760,EQ-04,2019-07-09,423,480,29,25,1139,10
761,EQ-01,2019-07-10,473,480,37,30,1664,15
762,EQ-02,2019-07-10,402,480,45,26,1228,23
763,EQ-03,2019-07-10,402,480,34,24,1301,9
764,EQ-04,2019-07-10,402,480,10,27,1581,6
765,EQ-01,2019-07-11,403,480,30,22,1654,23
766,EQ-02,2019-07-11,393,480,41,19,1339,7
767,EQ-03,2019-07-11,410,480,32,25,1171,25
768,EQ-04,2019-07-11,391,480,31,29,1011,13
769,EQ-01,2019-07-12,406,480,25,17,1358,13
770,EQ-02,2019-07-12,429,480,38,28,1170,18
771,EQ-03,2019-07-12,428,480,16,30,1591,25
772,EQ-04,2019-07-12,389,480,12,24,1020,15
773,EQ-01,2019-07-13,190,240,17,15,391,7
774,EQ-02,2019-07-13,184,240,22,15,591,2
775,EQ-03,2019-07-13,201,240,24,15,507,5
776,EQ-04,2019-07-13,225,240,5,15,460,7
777,EQ-01,2019-07-14,190,240,24,15,577,5
778,EQ-02,2019-07-14,190,240,6,15,375,4
779,EQ-03,2019-07-14,193,240,11,15,454,7
780,EQ-04,2019-07-14,215,240,22,15,417,7
781,EQ-01,2019-07-15,416,480,29,22,1098,6
782,EQ-02,2019-07-15,430,480,45,30,1157,6
783,EQ-03,2019-07-15,426,480,10,28,1089,14
784,EQ-04,2019-07-15,464,480,40,21,1099,5
785,EQ-01,2019-07-16,406,480,20,24,1083,20
786,EQ-02,2019-07-16,394,480,29,27,1482,20
787,EQ-03,2019-07-16,464,480,26,17,1657,22
788,EQ-04,2019-07-16,429,480,21,26,1390,16
789,EQ-01,2019-07-17,403,480,38,16,1269,19
790,EQ-02,2019-07-17,439,480,26,22,1275,23
791,EQ-03,2019-07-17,387,480,19,18,1087,16
792,EQ-04,2019-07-17,449,480,36,22,1566,6
793,EQ-01,2019-07-18,429,480,43,28,1548,20
794,EQ-02,2019-07-18,453,480,25,30,1306,7
795,EQ-03,2019-07-18,430,480,12,19,1123,19
796,EQ-04,2019-07-18,402,480,20,21,1197,9
797,EQ-01,2019-07-19,385,480,37,17,1699,18
798,EQ-02,2019-07-19,405,480,19,23,1327,7
799,EQ-03,2019-07-19,391,480,34,27,1565,15
800,EQ-04,2019-07-19,415,480,43,29,1012,24
801,EQ-01,2019-07-20,217,240,21,15,550,5
802,EQ-02,2019-07-20,187,240,18,15,388,3
803,EQ-03,2019-07-20,216,240,23,15,499,8
804,EQ-04,2019-07-20,186,240,8,15,494,8
805,EQ-01,2019-07-21,186,240,14,15,572,6
806,EQ-02,2019-07-21,202,240,18,15,417,5
807,EQ-03,2019-07-21,221,240,20,15,496,6
808,EQ-04,2019-07-21,210,240,6,15,394,4
809,EQ-01,2019-07-22,431,480,19,27,1039,17
810,EQ-02,2019-07-22,386,480,40,23,1381,5
811,EQ-03,2019-07-22,415,480,41,18,1233,9
812,EQ-04,2019-07-22,414,480,36,17,1192,19
813,EQ-01,2019-07-23,446,480,33,16,1527,10
814,EQ-02,2019-07-23,388,480,29,27,1138,21
815,EQ-03,2019-07-23,452,480,11,20,1197,11
816,EQ-04,2019-07-23,387,480,25,16,1467,6
817,EQ-01,2019-07-24,426,480,22,23,1377,19
818,EQ-02,2019-07-24,444,480,35,18,1697,5
819,EQ-03,2019-07-24,410,480,33,30,1608,19
820,EQ-04,2019-07-24,402,480,40,26,1352,10
821,EQ-01,2019-07-25,413,480,15,24,1028,17
822,EQ-02,2019-07-25,386,480,20,21,1226,25
823,EQ-03,2019-07-25,408,480,23,23,1667,18
824,EQ-04,2019-07-25,445,480,11,15,1485,9
825,EQ-01,2019-07-26,462,480,21,15,1229,13
826,EQ-02,2019-07-26,457,480,29,23,1433,17
827,EQ-03,2019-07-26,424,480,39,23,1223,19
828,EQ-04,2019-07-26,418,480,43,27,1598,8
829,EQ-01,2019-07-27,180,240,21,15,519,8
830,EQ-02,2019-07-27,203,240,22,15,515,6
831,EQ-03,2019-07-27,218,240,14,15,426,7
832,EQ-04,2019-07-27,186,240,20,15,366,4
833,EQ-01,2019-07-28,197,240,25,15,433,8
834,EQ-02,2019-07-28,197,240,13,15,517,7
835,EQ-03,2019-07-28,221,240,14,15,398,3
836,EQ-04,2019-07-28,213,240,12,15,580,2
837,EQ-01,2019-07-29,456,480,35,25,1697,9
838,EQ-02,2019-07-29,472,480,11,30,1302,13
839,EQ-03,2019-07-29,433,480,35,27,1036,23
840,EQ-04,2019-07-29,470,480,22,25,1227,22
841,EQ-01,2019-07-30,461,480,40,26,1519,14
842,EQ-02,2019-07-30,401,480,45,20,1300,8
843,EQ-03,2019-07-30,440,480,18,23,1572,10
844,EQ-04,2019-07-30,467,480,31,17,1227,16
845,EQ-01,2019-07-31,408,480,29,28,1339,16
846,EQ-02,2019-07-31,413,480,28,29,1120,20
847,EQ-03,2019-07-31,386,480,14,30,1199,21
848,EQ-04,2019-07-31,395,480,34,24,1423,6
849,EQ-01,2019-08-01,399,480,18,21,1350,18
850,EQ-02,2019-08-01,452,480,39,19,1323,10
851,EQ-03,2019-08-01,390,480,41,25,1646,10
852,EQ-04,2019-08-01,420,480,13,15,1462,13
853,EQ-01,2019-08-02,406,480,20,20,1501,7
854,EQ-02,2019-08-02,396,480,37,28,1413,18
855,EQ-03,2019-08-02,441,480,34,15,1038,22
856,EQ-04,2019-08-02,405,480,33,15,1329,21
857,EQ-01,2019-08-03,192,240,5,15,523,2
858,EQ-02,2019-08-03,202,240,14,15,383,2
859,EQ-03,2019-08-03,184,240,6,15,426,4
860,EQ-04,2019-08-03,201,240,18,15,577,7
861,EQ-01,2019-08-04,211,240,16,15,542,3
862,EQ-02,2019-08-04,190,240,17,15,354,3
863,EQ-03,2019-08-04,194,240,9,15,404,7
864,EQ-04,2019-08-04,181,240,23,15,479,3
865,EQ-01,2019-08-05,395,480,33,16,1384,25
866,EQ-02,2019-08-05,412,480,44,16,1608,6
867,EQ-03,2019-08-05,464,480,16,15,1049,8
868,EQ-04,2019-08-05,433,480,38,27,1126,22
869,EQ-01,2019-08-06,412,480,40,19,1210,25
870,EQ-02,2019-08-06,381,480,29,28,1677,8
871,EQ-03,2019-08-06,464,480,43,23,1637,24
872,EQ-04,2019-08-06,469,480,18,28,1107,21
873,EQ-01,2019-08-07,472,480,17,24,1116,8
874,EQ-02,2019-08-07,443,480,22,21,1269,21
875,EQ-03,2019-08-07,405,480,32,28,1302,10
876,EQ-04,2019-08-07,385,480,45,30,1212,20
877,EQ-01,2019-08-08,422,480,25,15,1013,7
878,EQ-02,2019-08-08,394,480,41,19,1092,21
879,EQ-03,2019-08-08,389,480,16,23,1659,12
880,EQ-04,2019-08-08,438,480,28,23,1475,6
881,EQ-01,2019-08-09,392,480,21,16,1297,16
882,EQ-02,2019-08-09,466,480,30,28,1118,8
883,EQ-03,2019-08-09,385,480,10,19,1679,25
884,EQ-04,2019-08-09,401,480,31,26,1448,24
885,EQ-01,2019-08-10,197,240,7,15,445,8
886,EQ-02,2019-08-10,201,240,10,15,379,5
887,EQ-03,2019-08-10,205,240,19,15,419,8
888,EQ-04,2019-08-10,204,240,20,15,554,5
889,EQ-01,2019-08-11,221,240,10,15,378,3
890,EQ-02,2019-08-11,224,240,6,15,591,8
891,EQ-03,2019-08-11,190,240,8,15,456,6
892,EQ-04,2019-08-11,210,240,23,15,523,5
893,EQ-01,2019-08-12,403,480,34,26,1626,5
894,EQ-02,2019-08-12,396,480,40,30,1115,18
895,EQ-03,2019-08-12,420,480,10,22,1685,15
896,EQ-04,2019-08-12,392,480,37,22,1493,16
897,EQ-01,2019-08-13,451,480,13,15,1658,10
898,EQ-02,2019-08-13,444,480,40,30,1169,7
899,EQ-03,2019-08-13,442,480,30,22,1338,13
900,EQ-04,2019-08-13,386,480,42,22,1563,25
901,EQ-01,2019-08-14,428,480,35,22,1080,19
902,EQ-02,2019-08-14,436,480,38,17,1510,19
903,EQ-03,2019-08-14,420,480,17,30,1669,5
904,EQ-04,2019-08-14,393,480,35,28,1036,22
905,EQ-01,2019-08-15,450,480,10,17,1618,24
906,EQ-02,2019-08-15,461,480,29,21,1670,19
907,EQ-03,2019-08-15,423,480,33,16,1228,19
908,EQ-04,2019-08-15,422,480,45,30,1672,16
909,EQ-01,2019-08-16,471,480,38,18,1099,12
910,EQ-02,2019-08-16,380,480,31,26,1648,14
911,EQ-03,2019-08-16,450,480,43,26,1108,6
912,EQ-04,2019-08-16,401,480,41,19,1419,8
913,EQ-01,2019-08-17,196,240,24,15,400,3
914,EQ-02,2019-08-17,187,240,17,15,405,5
915,EQ-03,2019-08-17,230,240,11,15,533,4
916,EQ-04,2019-08-17,186,240,18,15,361,7
917,EQ-01,2019-08-18,223,240,23,15,381,8
918,EQ-02,2019-08-18,208,240,19,15,518,6
919,EQ-03,2019-08-18,212,240,9,15,596,5
920,EQ-04,2019-08-18,180,240,21,15,538,2
921,EQ-01,2019-08-19,450,480,37,30,1520,10
922,EQ-02,2019-08-19,468,480,21,19,1106,17
923,EQ-03,2019-08-19,464,480,30,27,1428,24
924,EQ-04,2019-08-19,468,480,25,23,1407,15
925,EQ-01,2019-08-20,417,480,38,19,1141,18
926,EQ-02,2019-08-20,457,480,42,24,1560,15
927,EQ-03,2019-08-20,471,480,45,21,1205,11
928,EQ-04,2019-08-20,459,480,28,26,1688,9
929,EQ-01,2019-08-21,470,480,21,25,1118,16
930,EQ-02,2019-08-21,451,480,40,28,1690,22
931,EQ-03,2019-08-21,416,480,37,15,1535,8
932,EQ-04,2019-08-21,383,480,34,19,1054,6
933,EQ-01,2019-08-22,405,480,27,20,1293,13
934,EQ-02,2019-08-22,406,480,44,16,1367,19
935,EQ-03,2019-08-22,408,480,45,27,1243,21
936,EQ-04,2019-08-22,468,480,13,27,1396,18
937,EQ-01,2019-08-23,450,480,13,15,1257,11
938,EQ-02,2019-08-23,459,480,38,22,1648,25
939,EQ-03,2019-08-23,427,480,44,21,1198,14
940,EQ-04,2019-08-23,437,480,21,17,1191,10
941,EQ-01,2019-08-24,227,240,21,15,380,5
942,EQ-02,2019-08-24,182,240,18,15,421,6
943,EQ-03,2019-08-24,196,240,9,15,391,6
944,EQ-04,2019-08-24,196,240,5,15,434,5
945,EQ-01,2019-08-25,225,240,9,15,360,3
946,EQ-02,2019-08-25,200,240,24,15,363,8
947,EQ-03,2019-08-25,220,240,24,15,565,7
948,EQ-04,2019-08-25,199,240,20,15,552,6
949,EQ-01,2019-08-26,450,480,32,17,1325,21
950,EQ-02,2019-08-26,408,480,21,17,1517,10
951,EQ-03,2019-08-26,433,480,44,27,1094,16
952,EQ-04,2019-08-26,408,480,23,25,1339,16
953,EQ-01,2019-08-27,417,480,23,30,1574,25
954,EQ-02,2019-08-27,381,480,17,26,1456,12
955,EQ-03,2019-08-27,462,480,25,16,1698,15
956,EQ-04,2019-08-27,428,480,17,27,1262,22
957,EQ-01,2019-08-28,472,480,28,15,1529,16
958,EQ-02,2019-08-28,445,480,42,29,1498,6
959,EQ-03,2019-08-28,417,480,22,25,1526,7
960,EQ-04,2019-08-28,392,480,20,15,1641,7
961,EQ-01,2019-08-29,406,480,23,28,1106,11
962,EQ-02,2019-08-29,448,480,37,17,1157,5
963,EQ-03,2019-08-29,438,480,31,16,1089,7
964,EQ-04,2019-08-29,386,480,21,23,1571,7
965,EQ-01,2019-08-30,453,480,24,23,1417,17
966,EQ-02,2019-08-30,437,480,35,28,1323,5
967,EQ-03,2019-08-30,429,480,17,15,1656,24
968,EQ-04,2019-08-30,388,480,12,17,1366,21
969,EQ-01,2019-08-31,186,240,14,15,551,7
970,EQ-02,2019-08-31,199,240,24,15,372,4
971,EQ-03,2019-08-31,228,240,19,15,447,5
972,EQ-04,2019-08-31,222,240,5,15,471,3
973,EQ-01,2019-09-01,214,240,12,15,384,7
974,EQ-02,2019-09-01,205,240,22,15,425,7
975,EQ-03,2019-09-01,189,240,14,15,523,8
976,EQ-04,2019-09-01,226,240,25,15,445,2
977,EQ-01,2019-09-02,450,480,45,19,1126,6
978,EQ-02,2019-09-02,380,480,35,17,1312,11
979,EQ-03,2019-09-02,475,480,32,21,1422,25
980,EQ-04,2019-09-02,445,480,19,20,1188,12
981,EQ-01,2019-09-03,458,480,26,21,1117,10
982,EQ-02,2019-09-03,450,480,39,17,1297,7
983,EQ-03,2019-09-03,442,480,31,26,1131,25
984,EQ-04,2019-09-03,404,480,30,30,1461,15
985,EQ-01,2019-09-04,399,480,33,25,1438,10
986,EQ-02,2019-09-04,380,480,30,22,1226,25
987,EQ-03,2019-09-04,435,480,27,26,1137,15
988,EQ-04,2019-09-04,441,480,39,29,1367,14
989,EQ-01,2019-09-05,442,480,45,18,1179,25
990,EQ-02,2019-09-05,457,480,15,23,1143,22
991,EQ-03,2019-09-05,405,480,26,17,1077,5
992,EQ-04,2019-09-05,444,480,11,27,1604,11
993,EQ-01,2019-09-06,384,480,45,23,1556,22
994,EQ-02,2019-09-06,440,480,19,26,1401,12
995,EQ-03,2019-09-06,455,480,28,19,1475,21
996,EQ-04,2019-09-06,445,480,15,27,1372,21
997,EQ-01,2019-09-07,180,240,12,15,567,8
998,EQ-02,2019-09-07,219,240,10,15,543,6
999,EQ-03,2019-09-07,188,240,19,15,390,3
1000,EQ-04,2019-09-07,216,240,23,15,518,8
1001,EQ-01,2019-09-08,189,240,20,15,590,4
1002,EQ-02,2019-09-08,182,240,12,15,544,5
1003,EQ-03,2019-09-08,194,240,7,15,417,4
1004,EQ-04,2019-09-08,194,240,6,15,521,3
1005,EQ-01,2019-09-09,446,480,33,27,1480,19
1006,EQ-02,2019-09-09,385,480,12,25,1105,21
1007,EQ-03,2019-09-09,461,480,27,23,1592,22
1008,EQ-04,2019-09-09,452,480,21,27,1669,17
1009,EQ-01,2019-09-10,426,480,14,23,1385,12
1010,EQ-02,2019-09-10,446,480,35,26,1353,20
1011,EQ-03,2019-09-10,441,480,10,19,1450,10
1012,EQ-04,2019-09-10,409,480,14,23,1216,9
1013,EQ-01,2019-09-11,403,480,20,26,1616,8
1014,EQ-02,2019-09-11,464,480,24,28,1338,8
1015,EQ-03,2019-09-11,441,480,40,30,1215,23
1016,EQ-04,2019-09-11,400,480,36,15,1249,6
1017,EQ-01,2019-09-12,396,480,20,19,1644,21
1018,EQ-02,2019-09-12,401,480,26,20,1529,17
1019,EQ-03,2019-09-12,472,480,28,17,1221,19
1020,EQ-04,2019-09-12,401,480,24,28,1615,9
1021,EQ-01,2019-09-13,459,480,42,23,1171,15
1022,EQ-02,2019-09-13,438,480,14,22,1387,17
1023,EQ-03,2019-09-13,396,480,16,15,1207,21
1024,EQ-04,2019-09-13,444,480,36,19,1620,8
1025,EQ-01,2019-09-14,191,240,20,15,580,6
1026,EQ-02,2019-09-14,218,240,6,15,574,8
1027,EQ-03,2019-09-14,214,240,21,15,542,2
1028,EQ-04,2019-09-14,185,240,20,15,518,3
1029,EQ-01,2019-09-15,218,240,22,15,561,2
1030,EQ-02,2019-09-15,229,240,25,15,460,6
1031,EQ-03,2019-09-15,206,240,16,15,573,2
1032,EQ-04,2019-09-15,224,240,21,15,459,3
1033,EQ-01,2019-09-16,441,480,34,26,1603,23
1034,EQ-02,2019-09-16,392,480,37,19,1260,20
1035,EQ-03,2019-09-16,409,480,15,24,1612,22
1036,EQ-04,2019-09-16,432,480,26,21,1005,5
1037,EQ-01,2019-09-17,453,480,43,18,1532,5
1038,EQ-02,2019-09-17,428,480,23,25,1418,16
1039,EQ-03,2019-09-17,393,480,19,28,1667,23
1040,EQ-04,2019-09-17,412,480,26,28,1578,16
1041,EQ-01,2019-09-18,458,480,27,27,1208,18
1042,EQ-02,2019-09-18,450,480,45,30,1183,16
1043,EQ-03,2019-09-18,451,480,45,30,1259,14
1044,EQ-04,2019-09-18,453,480,32,27,1141,8
1045,EQ-01,2019-09-19,475,480,24,29,1165,8
1046,EQ-02,2019-09-19,407,480,42,27,1346,22
1047,EQ-03,2019-09-19,458,480,13,20,1398,25
1048,EQ-04,2019-09-19,380,480,15,19,1482,24
1049,EQ-01,2019-09-20,435,480,15,17,1269,12
1050,EQ-02,2019-09-20,427,480,15,16,1393,17
1051,EQ-03,2019-09-20,458,480,43,24,1611,6
1052,EQ-04,2019-09-20,402,480,41,29,1010,11
1053,EQ-01,2019-09-21,222,240,21,15,423,3
1054,EQ-02,2019-09-21,182,240,24,15,480,6
1055,EQ-03,2019-09-21,224,240,12,15,507,3
1056,EQ-04,2019-09-21,223,240,6,15,442,3
1057,EQ-01,2019-09-22,221,240,5,15,599,3
1058,EQ-02,2019-09-22,202,240,17,15,453,6
1059,EQ-03,2019-09-22,185,240,22,15,422,7
1060,EQ-04,2019-09-22,202,240,13,15,407,6
1061,EQ-01,2019-09-23,453,480,10,23,1179,18
1062,EQ-02,2019-09-23,444,480,16,17,1515,14
1063,EQ-03,2019-09-23,423,480,17,23,1550,23
1064,EQ-04,2019-09-23,412,480,38,27,1576,20
1065,EQ-01,2019-09-24,411,480,31,29,1697,19
1066,EQ-02,2019-09-24,455,480,11,30,1119,13
1067,EQ-03,2019-09-24,388,480,34,22,1693,12
1068,EQ-04,2019-09-24,420,480,36,26,1528,22
1069,EQ-01,2019-09-25,381,480,26,22,1294,7
1070,EQ-02,2019-09-25,431,480,31,17,1567,10
1071,EQ-03,2019-09-25,440,480,30,26,1223,23
1072,EQ-04,2019-09-25,414,480,21,21,1510,11
1073,EQ-01,2019-09-26,410,480,25,23,1211,12
1074,EQ-02,2019-09-26,405,480,25,26,1159,8
1075,EQ-03,2019-09-26,395,480,15,30,1628,5
1076,EQ-04,2019-09-26,449,480,12,30,1380,24
1077,EQ-01,2019-09-27,420,480,41,23,1502,10
1078,EQ-02,2019-09-27,445,480,27,27,1227,23
1079,EQ-03,2019-09-27,396,480,13,28,1489,22
1080,EQ-04,2019-09-27,384,480,42,26,1403,10
1081,EQ-01,2019-09-28,209,240,8,15,528,6
1082,EQ-02,2019-09-28,209,240,15,15,526,2
1083,EQ-03,2019-09-28,180,240,11,15,447,6
1084,EQ-04,2019-09-28,186,240,15,15,442,6
1085,EQ-01,2019-09-29,196,240,10,15,490,4
1086,EQ-02,2019-09-29,195,240,13,15,470,6
1087,EQ-03,2019-09-29,201,240,16,15,397,5
1088,EQ-04,2019-09-29,207,240,11,15,457,7
1089,EQ-01,2019-09-30,427,480,33,27,1286,19
1090,EQ-02,2019-09-30,403,480,18,22,1102,13
1091,EQ-03,2019-09-30,410,480,45,28,1390,11
1092,EQ-04,2019-09-30,398,480,19,30,1009,10
1093,EQ-01,2019-10-01,433,480,41,19,1645,21
1094,EQ-02,2019-10-01,448,480,30,30,1307,13
1095,EQ-03,2019-10-01,451,480,13,27,1101,10
1096,EQ-04,2019-10-01,387,480,23,23,1487,25
1097,EQ-01,2019-10-02,392,480,38,25,1266,16
1098,EQ-02,2019-10-02,426,480,45,23,1352,5
1099,EQ-03,2019-10-02,432,480,17,26,1695,24
1100,EQ-04,2019-10-02,405,480,44,20,1291,16
1101,EQ-01,2019-10-03,421,480,42,30,1457,7
1102,EQ-02,2019-10-03,398,480,20,25,1431,25
1103,EQ-03,2019-10-03,389,480,15,20,1351,12
1104,EQ-04,2019-10-03,414,480,35,23,1455,16
1105,EQ-01,2019-10-04,432,480,20,20,1023,9
1106,EQ-02,2019-10-04,473,480,25,23,1081,11
1107,EQ-03,2019-10-04,401,480,35,18,1097,7
1108,EQ-04,2019-10-04,440,480,45,16,1026,17
1109,EQ-01,2019-10-05,213,240,7,15,376,4
1110,EQ-02,2019-10-05,219,240,9,15,371,7
1111,EQ-03,2019-10-05,204,240,14,15,408,3
1112,EQ-04,2019-10-05,227,240,14,15,463,7
1113,EQ-01,2019-10-06,188,240,9,15,484,8
1114,EQ-02,2019-10-06,190,240,5,15,358,7
1115,EQ-03,2019-10-06,202,240,15,15,571,5
1116,EQ-04,2019-10-06,209,240,22,15,589,4
1117,EQ-01,2019-10-07,450,480,38,19,1552,10
1118,EQ-02,2019-10-07,455,480,39,28,1536,25
1119,EQ-03,2019-10-07,461,480,44,24,1355,20
1120,EQ-04,2019-10-07,449,480,24,17,1452,14
1121,EQ-01,2019-10-08,426,480,36,23,1159,14
1122,EQ-02,2019-10-08,381,480,10,19,1352,14
1123,EQ-03,2019-10-08,440,480,44,15,1503,20
1124,EQ-04,2019-10-08,418,480,10,28,1299,24
1125,EQ-01,2019-10-09,409,480,10,26,1193,18
1126,EQ-02,2019-10-09,451,480,37,27,1255,10
1127,EQ-03,2019-10-09,471,480,34,27,1225,13
1128,EQ-04,2019-10-09,390,480,37,22,1529,24
1129,EQ-01,2019-10-10,468,480,27,24,1664,22
1130,EQ-02,2019-10-10,414,480,36,21,1070,10
1131,EQ-03,2019-10-10,397,480,28,18,1652,19
1132,EQ-04,2019-10-10,459,480,38,23,1637,20
1133,EQ-01,2019-10-11,404,480,30,15,1155,6
1134,EQ-02,2019-10-11,448,480,11,20,1104,14
1135,EQ-03,2019-10-11,414,480,18,29,1008,12
1136,EQ-04,2019-10-11,391,480,19,15,1505,11
1137,EQ-01,2019-10-12,201,240,18,15,429,8
1138,EQ-02,2019-10-12,224,240,6,15,434,2
1139,EQ-03,2019-10-12,197,240,17,15,368,6
1140,EQ-04,2019-10-12,196,240,17,15,562,2
1141,EQ-01,2019-10-13,204,240,19,15,413,7
1142,EQ-02,2019-10-13,182,240,11,15,467,7
1143,EQ-03,2019-10-13,229,240,8,15,483,7
1144,EQ-04,2019-10-13,193,240,20,15,449,7
1145,EQ-01,2019-10-14,419,480,30,20,1644,6
1146,EQ-02,2019-10-14,475,480,45,18,1259,20
1147,EQ-03,2019-10-14,461,480,29,21,1369,6
1148,EQ-04,2019-10-14,465,480,23,18,1241,25
1149,EQ-01,2019-10-15,435,480,30,15,1171,13
1150,EQ-02,2019-10-15,454,480,17,27,1248,5
1151,EQ-03,2019-10-15,385,480,40,19,1380,7
1152,EQ-04,2019-10-15,411,480,20,30,1093,24
1153,EQ-01,2019-10-16,423,480,13,16,1364,25
1154,EQ-02,2019-10-16,399,480,44,18,1128,20
1155,EQ-03,2019-10-16,409,480,30,26,1449,11
1156,EQ-04,2019-10-16,382,480,34,26,1137,13
1157,EQ-01,2019-10-17,385,480,41,29,1572,14
1158,EQ-02,2019-10-17,449,480,41,21,1580,10
1159,EQ-03,2019-10-17,449,480,32,25,1479,13
1160,EQ-04,2019-10-17,456,480,45,20,1070,21
1161,EQ-01,2019-10-18,399,480,38,24,1269,22
1162,EQ-02,2019-10-18,426,480,39,15,1653,21
1163,EQ-03,2019-10-18,428,480,21,15,1634,16
1164,EQ-04,2019-10-18,459,480,25,25,1064,22
1165,EQ-01,2019-10-19,204,240,11,15,484,7
1166,EQ-02,2019-10-19,211,240,22,15,389,6
1167,EQ-03,2019-10-19,198,240,15,15,454,7
1168,EQ-04,2019-10-19,200,240,8,15,374,6
1169,EQ-01,2019-10-20,222,240,7,15,361,8
1170,EQ-02,2019-10-20,188,240,10,15,573,2
1171,EQ-03,2019-10-20,192,240,8,15,474,3
1172,EQ-04,2019-10-20,186,240,6,15,496,7
1173,EQ-01,2019-10-21,429,480,41,23,1050,16
1174,EQ-02,2019-10-21,408,480,14,15,1213,25
1175,EQ-03,2019-10-21,442,480,15,29,1654,6
1176,EQ-04,2019-10-21,426,480,45,28,1377,6
1177,EQ-01,2019-10-22,458,480,27,16,1072,14
1178,EQ-02,2019-10-22,392,480,16,22,1544,17
1179,EQ-03,2019-10-22,452,480,21,28,1108,25
1180,EQ-04,2019-10-22,393,480,20,20,1563,17
1181,EQ-01,2019-10-23,456,480,38,26,1322,22
1182,EQ-02,2019-10-23,421,480,33,28,1648,18
1183,EQ-03,2019-10-23,472,480,30,22,1576,22
1184,EQ-04,2019-10-23,407,480,34,23,1368,19
1185,EQ-01,2019-10-24,437,480,35,15,1035,14
1186,EQ-02,2019-10-24,456,480,11,19,1309,5
1187,EQ-03,2019-10-24,418,480,24,21,1322,5
1188,EQ-04,2019-10-24,468,480,27,19,1096,6
1189,EQ-01,2019-10-25,438,480,32,19,1141,13
1190,EQ-02,2019-10-25,426,480,25,22,1262,14
1191,EQ-03,2019-10-25,391,480,35,21,1079,15
1192,EQ-04,2019-10-25,441,480,21,30,1590,8
1193,EQ-01,2019-10-26,218,240,25,15,426,2
1194,EQ-02,2019-10-26,226,240,23,15,447,2
1195,EQ-03,2019-10-26,229,240,6,15,585,8
1196,EQ-04,2019-10-26,201,240,16,15,575,8
1197,EQ-01,2019-10-27,207,240,18,15,588,8
1198,EQ-02,2019-10-27,187,240,12,15,541,7
1199,EQ-03,2019-10-27,218,240,5,15,512,8
1200,EQ-04,2019-10-27,220,240,17,15,363,4
1201,EQ-01,2019-10-28,447,480,12,25,1552,23
1202,EQ-02,2019-10-28,399,480,30,22,1156,6
1203,EQ-03,2019-10-28,466,480,35,29,1609,23
1204,EQ-04,2019-10-28,444,480,15,22,1442,14
1205,EQ-01,2019-10-29,430,480,19,19,1344,7
1206,EQ-02,2019-10-29,440,480,13,27,1268,7
1207,EQ-03,2019-10-29,431,480,42,28,1133,9
1208,EQ-04,2019-10-29,441,480,45,21,1499,17
1209,EQ-01,2019-10-30,463,480,22,22,1248,7
1210,EQ-02,2019-10-30,414,480,37,25,1589,7
1211,EQ-03,2019-10-30,394,480,36,28,1374,16
1212,EQ-04,2019-10-30,404,480,30,26,1608,25
1213,EQ-01,2019-10-31,383,480,29,20,1358,24
1214,EQ-02,2019-10-31,436,480,19,29,1045,12
1215,EQ-03,2019-10-31,405,480,33,19,1087,8
1216,EQ-04,2019-10-31,474,480,13,22,1635,9
1217,EQ-01,2019-11-01,416,480,10,25,1113,14
1218,EQ-02,2019-11-01,437,480,40,15,1339,11
1219,EQ-03,2019-11-01,474,480,44,21,1208,22
1220,EQ-04,2019-11-01,446,480,26,30,1637,9
1221,EQ-01,2019-11-02,224,240,5,15,446,6
1222,EQ-02,2019-11-02,222,240,21,15,361,4
1223,EQ-03,2019-11-02,190,240,6,15,422,3
1224,EQ-04,2019-11-02,230,240,24,15,419,2
1225,EQ-01,2019-11-03,209,240,25,15,591,2
1226,EQ-02,2019-11-03,222,240,16,15,571,2
1227,EQ-03,2019-11-03,204,240,12,15,600,5
1228,EQ-04,2019-11-03,200,240,20,15,571,6
1229,EQ-01,2019-11-04,438,480,45,15,1040,12
1230,EQ-02,2019-11-04,447,480,29,25,1501,17
1231,EQ-03,2019-11-04,475,480,20,15,1355,16
1232,EQ-04,2019-11-04,425,480,29,22,1513,13
1233,EQ-01,2019-11-05,387,480,26,27,1030,22
1234,EQ-02,2019-11-05,415,480,24,19,1349,17
1235,EQ-03,2019-11-05,464,480,18,17,1391,21
1236,EQ-04,2019-11-05,466,480,24,28,1246,23
1237,EQ-01,2019-11-06,399,480,37,24,1619,15
1238,EQ-02,2019-11-06,437,480,44,19,1211,25
1239,EQ-03,2019-11-06,397,480,44,21,1141,14
1240,EQ-04,2019-11-06,468,480,43,19,1440,9
1241,EQ-01,2019-11-07,463,480,20,25,1069,22
1242,EQ-02,2019-11-07,448,480,17,20,1325,9
1243,EQ-03,2019-11-07,473,480,11,25,1423,18
1244,EQ-04,2019-11-07,418,480,38,23,1155,11
1245,EQ-01,2019-11-08,393,480,18,20,1026,24
1246,EQ-02,2019-11-08,458,480,27,22,1610,12
1247,EQ-03,2019-11-08,409,480,11,26,1081,20
1248,EQ-04,2019-11-08,397,480,42,30,1665,16
1249,EQ-01,2019-11-09,191,240,17,15,475,5
1250,EQ-02,2019-11-09,188,240,10,15,399,3
1251,EQ-03,2019-11-09,182,240,18,15,545,2
1252,EQ-04,2019-11-09,197,240,18,15,406,7
1253,EQ-01,2019-11-10,222,240,11,15,543,3
1254,EQ-02,2019-11-10,184,240,10,15,587,5
1255,EQ-03,2019-11-10,219,240,20,15,526,4
1256,EQ-04,2019-11-10,209,240,12,15,459,5
1257,EQ-01,2019-11-11,385,480,34,25,1403,24
1258,EQ-02,2019-11-11,475,480,44,16,1533,8
1259,EQ-03,2019-11-11,437,480,39,16,1251,21
1260,EQ-04,2019-11-11,448,480,35,16,1571,17
1261,EQ-01,2019-11-12,446,480,13,21,1298,19
1262,EQ-02,2019-11-12,416,480,39,20,1432,14
1263,EQ-03,2019-11-12,398,480,39,29,1092,21
1264,EQ-04,2019-11-12,469,480,44,19,1402,18
1265,EQ-01,2019-11-13,455,480,22,29,1092,13
1266,EQ-02,2019-11-13,421,480,20,18,1093,8
1267,EQ-03,2019-11-13,470,480,38,26,1087,21
1268,EQ-04,2019-11-13,470,480,34,20,1387,22
1269,EQ-01,2019-11-14,428,480,12,20,1343,23
1270,EQ-02,2019-11-14,464,480,19,20,1148,10
1271,EQ-03,2019-11-14,471,480,13,28,1315,14
1272,EQ-04,2019-11-14,473,480,38,24,1641,10
1273,EQ-01,2019-11-15,395,480,18,21,1003,24
1274,EQ-02,2019-11-15,412,480,10,29,1509,20
1275,EQ-03,2019-11-15,449,480,10,30,1243,11
1276,EQ-04,2019-11-15,455,480,40,29,1419,19
1277,EQ-01,2019-11-16,185,240,24,15,503,2
1278,EQ-02,2019-11-16,195,240,22,15,421,6
1279,EQ-03,2019-11-16,220,240,22,15,559,8
1280,EQ-04,2019-11-16,193,240,6,15,397,3
1281,EQ-01,2019-11-17,183,240,25,15,439,2
1282,EQ-02,2019-11-17,189,240,6,15,520,6
1283,EQ-03,2019-11-17,218,240,14,15,434,2
1284,EQ-04,2019-11-17,183,240,8,15,456,3
1285,EQ-01,2019-11-18,400,480,28,20,1466,23
1286,EQ-02,2019-11-18,426,480,12,17,1306,15
1287,EQ-03,2019-11-18,427,480,34,17,1437,22
1288,EQ-04,2019-11-18,388,480,28,30,1137,8
1289,EQ-01,2019-11-19,468,480,27,25,1539,18
1290,EQ-02,2019-11-19,447,480,23,21,1626,6
1291,EQ-03,2019-11-19,393,480,43,17,1495,24
1292,EQ-04,2019-11-19,470,480,28,28,1623,15
1293,EQ-01,2019-11-20,413,480,43,26,1132,24
1294,EQ-02,2019-11-20,452,480,41,30,1504,10
1295,EQ-03,2019-11-20,458,480,24,24,1198,5
1296,EQ-04,2019-11-20,395,480,11,29,1640,8
1297,EQ-01,2019-11-21,474,480,23,28,1423,6
1298,EQ-02,2019-11-21,422,480,32,21,1011,25
1299,EQ-03,2019-11-21,405,480,28,23,1069,14
1300,EQ-04,2019-11-21,418,480,42,25,1006,8
1301,EQ-01,2019-11-22,467,480,31,25,1405,23
1302,EQ-02,2019-11-22,404,480,31,25,1688,20
1303,EQ-03,2019-11-22,441,480,19,29,1549,15
1304,EQ-04,2019-11-22,446,480,29,25,1568,22
1305,EQ-01,2019-11-23,230,240,16,15,366,3
1306,EQ-02,2019-11-23,197,240,5,15,436,5
1307,EQ-03,2019-11-23,220,240,22,15,565,3
1308,EQ-04,2019-11-23,216,240,24,15,449,3
1309,EQ-01,2019-11-24,218,240,8,15,571,8
1310,EQ-02,2019-11-24,228,240,14,15,530,8
1311,EQ-03,2019-11-24,200,240,6,15,419,5
1312,EQ-04,2019-11-24,185,240,20,15,574,3
1313,EQ-01,2019-11-25,427,480,38,24,1221,21
1314,EQ-02,2019-11-25,418,480,21,18,1383,6
1315,EQ-03,2019-11-25,405,480,15,29,1518,5
1316,EQ-04,2019-11-25,441,480,42,19,1194,15
1317,EQ-01,2019-11-26,441,480,43,24,1335,9
1318,EQ-02,2019-11-26,392,480,43,19,1210,6
1319,EQ-03,2019-11-26,438,480,34,18,1004,14
1320,EQ-04,2019-11-26,385,480,15,25,1478,6
1321,EQ-01,2019-11-27,393,480,43,24,1023,23
1322,EQ-02,2019-11-27,419,480,23,25,1205,11
1323,EQ-03,2019-11-27,416,480,27,25,1451,8
1324,EQ-04,2019-11-27,414,480,19,20,1280,8
1325,EQ-01,2019-11-28,381,480,45,18,1211,22
1326,EQ-02,2019-11-28,424,480,45,25,1277,9
1327,EQ-03,2019-11-28,470,480,28,22,1175,7
1328,EQ-04,2019-11-28,419,480,31,29,1051,9
1329,EQ-01,2019-11-29,383,480,40,16,1108,17
1330,EQ-02,2019-11-29,386,480,15,28,1401,10
1331,EQ-03,2019-11-29,470,480,38,26,1319,15
1332,EQ-04,2019-11-29,405,480,44,17,1476,23
1333,EQ-01,2019-11-30,188,240,7,15,558,8
1334,EQ-02,2019-11-30,224,240,19,15,374,5
1335,EQ-03,2019-11-30,199,240,25,15,531,8
1336,EQ-04,2019-11-30,209,240,20,15,409,3
1337,EQ-01,2019-12-01,189,240,24,15,416,4
1338,EQ-02,2019-12-01,205,240,10,15,529,7
1339,EQ-03,2019-12-01,201,240,15,15,466,5
1340,EQ-04,2019-12-01,181,240,7,15,471,2
1341,EQ-01,2019-12-02,424,480,40,29,1174,14
1342,EQ-02,2019-12-02,424,480,18,18,1415,8
1343,EQ-03,2019-12-02,421,480,45,17,1309,22
1344,EQ-04,2019-12-02,439,480,35,28,1244,24
1345,EQ-01,2019-12-03,411,480,45,20,1493,17
1346,EQ-02,2019-12-03,455,480,37,28,1580,15
1347,EQ-03,2019-12-03,465,480,14,30,1117,23
1348,EQ-04,2019-12-03,436,480,21,24,1415,7
1349,EQ-01,2019-12-04,428,480,30,30,1660,6
1350,EQ-02,2019-12-04,391,480,23,19,1594,25
1351,EQ-03,2019-12-04,380,480,19,19,1463,22
1352,EQ-04,2019-12-04,417,480,34,29,1200,11
1353,EQ-01,2019-12-05,467,480,30,24,1583,14
1354,EQ-02,2019-12-05,435,480,32,17,1596,5
1355,EQ-03,2019-12-05,458,480,42,27,1130,14
1356,EQ-04,2019-12-05,387,480,33,16,1000,22
1357,EQ-01,2019-12-06,425,480,17,24,1031,12
1358,EQ-02,2019-12-06,435,480,35,25,1391,17
1359,EQ-03,2019-12-06,428,480,37,21,1678,10
1360,EQ-04,2019-12-06,440,480,18,21,1568,17
1361,EQ-01,2019-12-07,203,240,18,15,389,4
1362,EQ-02,2019-12-07,222,240,9,15,384,2
1363,EQ-03,2019-12-07,184,240,25,15,354,3
1364,EQ-04,2019-12-07,226,240,20,15,518,5
1365,EQ-01,2019-12-08,188,240,7,15,385,7
1366,EQ-02,2019-12-08,206,240,19,15,578,8
1367,EQ-03,2019-12-08,224,240,24,15,588,5
1368,EQ-04,2019-12-08,219,240,10,15,466,6
1369,EQ-01,2019-12-09,434,480,45,29,1393,16
1370,EQ-02,2019-12-09,408,480,21,28,1619,5
1371,EQ-03,2019-12-09,453,480,41,22,1513,13
1372,EQ-04,2019-12-09,432,480,44,26,1034,6
1373,EQ-01,2019-12-10,452,480,40,26,1115,23
1374,EQ-02,2019-12-10,441,480,15,19,1539,13
1375,EQ-03,2019-12-10,439,480,43,17,1535,24
1376,EQ-04,2019-12-10,391,480,25,30,1645,7
1377,EQ-01,2019-12-11,467,480,44,24,1627,6
1378,EQ-02,2019-12-11,423,480,44,15,1480,19
1379,EQ-03,2019-12-11,445,480,40,25,1431,16
1380,EQ-04,2019-12-11,417,480,28,20,1036,24
1381,EQ-01,2019-12-12,475,480,29,23,1062,25
1382,EQ-02,2019-12-12,464,480,28,15,1293,20
1383,EQ-03,2019-12-12,415,480,26,19,1630,13
1384,EQ-04,2019-12-12,394,480,21,19,1674,19
1385,EQ-01,2019-12-13,469,480,25,30,1185,21
1386,EQ-02,2019-12-13,384,480,31,17,1148,24
1387,EQ-03,2019-12-13,399,480,41,28,1392,12
1388,EQ-04,2019-12-13,464,480,38,20,1215,23
1389,EQ-01,2019-12-14,226,240,16,15,363,7
1390,EQ-02,2019-12-14,196,240,8,15,363,3
1391,EQ-03,2019-12-14,209,240,17,15,471,4
1392,EQ-04,2019-12-14,210,240,22,15,409,5
1393,EQ-01,2019-12-15,223,240,17,15,471,4
1394,EQ-02,2019-12-15,189,240,21,15,572,5
1395,EQ-03,2019-12-15,180,240,14,15,587,8
1396,EQ-04,2019-12-15,208,240,17,15,523,4
1397,EQ-01,2019-12-16,447,480,12,18,1544,25
1398,EQ-02,2019-12-16,425,480,37,23,1343,13
1399,EQ-03,2019-12-16,414,480,16,23,1670,23
1400,EQ-04,2019-12-16,430,480,39,22,1688,23
1401,EQ-01,2019-12-17,404,480,43,25,1693,10
1402,EQ-02,2019-12-17,420,480,45,15,1688,5
1403,EQ-03,2019-12-17,388,480,10,28,1100,21
1404,EQ-04,2019-12-17,393,480,38,26,1224,14
1405,EQ-01,2019-12-18,412,480,22,16,1024,24
1406,EQ-02,2019-12-18,391,480,13,21,1613,25
1407,EQ-03,2019-12-18,395,480,17,17,1619,9
1408,EQ-04,2019-12-18,428,480,21,18,1188,13
1409,EQ-01,2019-12-19,417,480,39,17,1654,19
1410,EQ-02,2019-12-19,415,480,37,25,1263,10
1411,EQ-03,2019-12-19,389,480,27,16,1391,17
1412,EQ-04,2019-12-19,422,480,13,23,1271,10
1413,EQ-01,2019-12-20,436,480,14,30,1205,24
1414,EQ-02,2019-12-20,430,480,21,30,1111,9
1415,EQ-03,2019-12-20,449,480,37,21,1628,25
1416,EQ-04,2019-12-20,393,480,38,23,1105,6
1417,EQ-01,2019-12-21,184,240,7,15,496,7
1418,EQ-02,2019-12-21,196,240,19,15,354,5
1419,EQ-03,2019-12-21,189,240,25,15,513,2
1420,EQ-04,2019-12-21,182,240,17,15,418,3
1421,EQ-01,2019-12-22,224,240,15,15,581,5
1422,EQ-02,2019-12-22,210,240,18,15,453,8
1423,EQ-03,2019-12-22,214,240,12,15,350,5
1424,EQ-04,2019-12-22,187,240,23,15,487,4
1425,EQ-01,2019-12-23,460,480,15,26,1547,15
1426,EQ-02,2019-12-23,390,480,39,24,1663,11
1427,EQ-03,2019-12-23,402,480,45,16,1393,11
1428,EQ-04,2019-12-23,418,480,34,18,1645,16
1429,EQ-01,2019-12-24,442,480,15,29,1194,9
1430,EQ-02,2019-12-24,384,480,22,15,1607,12
1431,EQ-03,2019-12-24,442,480,34,17,1553,25
1432,EQ-04,2019-12-24,419,480,41,29,1016,6
1433,EQ-01,2019-12-25,423,480,13,25,1043,17
1434,EQ-02,2019-12-25,395,480,23,29,1694,22
1435,EQ-03,2019-12-25,399,480,24,17,1037,9
1436,EQ-04,2019-12-25,442,480,11,30,1633,6
1437,EQ-01,2019-12-26,411,480,18,15,1176,25
1438,EQ-02,2019-12-26,386,480,29,18,1467,24
1439,EQ-03,2019-12-26,401,480,14,18,1116,20
1440,EQ-04,2019-12-26,456,480,24,17,1207,18
1441,EQ-01,2019-12-27,423,480,35,25,1123,23
1442,EQ-02,2019-12-27,449,480,18,25,1218,6
1443,EQ-03,2019-12-27,455,480,21,25,1064,8
1444,EQ-04,2019-12-27,415,480,19,28,1172,16
1445,EQ-01,2019-12-28,215,240,10,15,462,3
1446,EQ-02,2019-12-28,217,240,6,15,384,2
1447,EQ-03,2019-12-28,230,240,25,15,506,5
1448,EQ-04,2019-12-28,229,240,10,15,354,5
1449,EQ-01,2019-12-29,185,240,5,15,351,3
1450,EQ-02,2019-12-29,185,240,25,15,501,4
1451,EQ-03,2019-12-29,206,240,20,15,527,3
1452,EQ-04,2019-12-29,193,240,9,15,513,4
1453,EQ-01,2019-12-30,446,480,38,28,1244,10
1454,EQ-02,2019-12-30,458,480,12,20,1511,24
1455,EQ-03,2019-12-30,391,480,29,26,1428,5
1456,EQ-04,2019-12-30,451,480,25,21,1120,21
1457,EQ-01,2019-12-31,392,480,33,22,1475,25
1458,EQ-02,2019-12-31,464,480,23,23,1054,11
1459,EQ-03,2019-12-31,394,480,19,30,1509,10
1460,EQ-04,2019-12-31,400,480,12,16,1660,16
1461,EQ-01,2020-01-01,416,480,23,28,1257,15
1462,EQ-02,2020-01-01,458,480,39,16,1106,6
1463,EQ-03,2020-01-01,448,480,21,20,1029,20
1464,EQ-04,2020-01-01,445,480,17,17,1240,19
1465,EQ-01,2020-01-02,455,480,30,28,1203,15
1466,EQ-02,2020-01-02,409,480,17,25,1233,8
1467,EQ-03,2020-01-02,410,480,36,21,1384,12
1468,EQ-04,2020-01-02,389,480,40,30,1055,18
1469,EQ-01,2020-01-03,398,480,23,29,1182,17
1470,EQ-02,2020-01-03,460,480,32,23,1207,15
1471,EQ-03,2020-01-03,415,480,18,18,1476,19
1472,EQ-04,2020-01-03,417,480,20,20,1591,22
1473,EQ-01,2020-01-04,213,240,20,15,570,3
1474,EQ-02,2020-01-04,217,240,20,15,564,5
1475,EQ-03,2020-01-04,197,240,5,15,536,5
1476,EQ-04,2020-01-04,227,240,12,15,413,4
1477,EQ-01,2020-01-05,207,240,23,15,406,6
1478,EQ-02,2020-01-05,189,240,23,15,579,2
1479,EQ-03,2020-01-05,206,240,6,15,360,5
1480,EQ-04,2020-01-05,226,240,21,15,358,5
1481,EQ-01,2020-01-06,447,480,35,30,1100,19
1482,EQ-02,2020-01-06,443,480,25,17,1571,5
1483,EQ-03,2020-01-06,468,480,36,21,1135,16
1484,EQ-04,2020-01-06,417,480,25,17,1016,20
1485,EQ-01,2020-01-07,465,480,29,20,1470,23
1486,EQ-02,2020-01-07,475,480,11,29,1474,9
1487,EQ-03,2020-01-07,470,480,35,20,1379,25
1488,EQ-04,2020-01-07,439,480,10,17,1394,15
1489,EQ-01,2020-01-08,447,480,12,24,1436,13
1490,EQ-02,2020-01-08,469,480,44,21,1082,24
1491,EQ-03,2020-01-08,422,480,13,26,1052,8
1492,EQ-04,2020-01-08,429,480,33,29,1633,6
1493,EQ-01,2020-01-09,426,480,33,20,1663,22
1494,EQ-02,2020-01-09,470,480,14,21,1141,15
1495,EQ-03,2020-01-09,410,480,44,18,1664,20
1496,EQ-04,2020-01-09,474,480,23,22,1328,16
1497,EQ-01,2020-01-10,414,480,42,28,1283,6
1498,EQ-02,2020-01-10,388,480,33,26,1463,20
1499,EQ-03,2020-01-10,444,480,43,18,1481,22
1500,EQ-04,2020-01-10,466,480,44,24,1462,24
1501,EQ-01,2020-01-11,203,240,7,15,398,5
1502,EQ-02,2020-01-11,185,240,7,15,450,3
1503,EQ-03,2020-01-11,198,240,7,15,377,3
1504,EQ-04,2020-01-11,197,240,8,15,528,3
1505,EQ-01,2020-01-12,211,240,9,15,573,3
1506,EQ-02,2020-01-12,206,240,22,15,588,3
1507,EQ-03,2020-01-12,221,240,5,15,424,3
1508,EQ-04,2020-01-12,213,240,25,15,435,5
1509,EQ-01,2020-01-13,421,480,41,29,1468,14
1510,EQ-02,2020-01-13,452,480,18,24,1175,13
1511,EQ-03,2020-01-13,409,480,40,26,1295,6
1512,EQ-04,2020-01-13,398,480,32,24,1466,10
1513,EQ-01,2020-01-14,459,480,20,24,1186,10
1514,EQ-02,2020-01-14,470,480,19,20,1243,8
1515,EQ-03,2020-01-14,385,480,30,19,1451,13
1516,EQ-04,2020-01-14,427,480,21,21,1575,6
1517,EQ-01,2020-01-15,465,480,30,26,1151,16
1518,EQ-02,2020-01-15,437,480,44,20,1546,14
1519,EQ-03,2020-01-15,395,480,11,27,1511,9
1520,EQ-04,2020-01-15,438,480,30,19,1004,22
1521,EQ-01,2020-01-16,444,480,31,24,1485,14
1522,EQ-02,2020-01-16,453,480,19,29,1346,8
1523,EQ-03,2020-01-16,473,480,40,16,1142,22
1524,EQ-04,2020-01-16,394,480,29,15,1411,24
1525,EQ-01,2020-01-17,408,480,38,26,1094,15
1526,EQ-02,2020-01-17,387,480,22,22,1284,11
1527,EQ-03,2020-01-17,382,480,15,29,1693,7
1528,EQ-04,2020-01-17,445,480,35,21,1502,15
1529,EQ-01,2020-01-18,218,240,24,15,480,2
1530,EQ-02,2020-01-18,222,240,16,15,451,3
1531,EQ-03,2020-01-18,225,240,18,15,444,5
1532,EQ-04,2020-01-18,203,240,5,15,422,4
1533,EQ-01,2020-01-19,202,240,14,15,600,5
1534,EQ-02,2020-01-19,215,240,7,15,405,7
1535,EQ-03,2020-01-19,208,240,18,15,555,5
1536,EQ-04,2020-01-19,198,240,10,15,556,7
1537,EQ-01,2020-01-20,434,480,36,19,1601,24
1538,EQ-02,2020-01-20,391,480,19,21,1310,20
1539,EQ-03,2020-01-20,447,480,31,17,1604,17
1540,EQ-04,2020-01-20,391,480,10,28,1654,13
1541,EQ-01,2020-01-21,433,480,21,29,1581,9
1542,EQ-02,2020-01-21,405,480,21,27,1296,22
1543,EQ-03,2020-01-21,442,480,12,24,1599,14
1544,EQ-04,2020-01-21,443,480,45,29,1229,5
1545,EQ-01,2020-01-22,380,480,19,23,1307,25
1546,EQ-02,2020-01-22,433,480,21,30,1660,12
1547,EQ-03,2020-01-22,388,480,33,30,1579,18
1548,EQ-04,2020-01-22,468,480,17,26,1524,23
1549,EQ-01,2020-01-23,387,480,19,25,1472,9
1550,EQ-02,2020-01-23,425,480,20,16,1279,16
1551,EQ-03,2020-01-23,433,480,32,16,1296,14
1552,EQ-04,2020-01-23,447,480,14,21,1643,10
1553,EQ-01,2020-01-24,392,480,20,25,1323,14
1554,EQ-02,2020-01-24,414,480,33,18,1547,23
1555,EQ-03,2020-01-24,425,480,19,15,1140,21
1556,EQ-04,2020-01-24,416,480,33,30,1421,15
1557,EQ-01,2020-01-25,190,240,8,15,405,3
1558,EQ-02,2020-01-25,212,240,12,15,562,3
1559,EQ-03,2020-01-25,230,240,22,15,507,7
1560,EQ-04,2020-01-25,213,240,22,15,532,6
1561,EQ-01,2020-01-26,224,240,8,15,456,5
1562,EQ-02,2020-01-26,184,240,8,15,559,3
1563,EQ-03,2020-01-26,181,240,20,15,439,4
1564,EQ-04,2020-01-26,224,240,16,15,385,8
1565,EQ-01,2020-01-27,436,480,43,25,1176,14
1566,EQ-02,2020-01-27,383,480,17,22,1131,9
1567,EQ-03,2020-01-27,468,480,24,24,1128,11
1568,EQ-04,2020-01-27,396,480,15,28,1114,7
1569,EQ-01,2020-01-28,382,480,40,28,1043,11
1570,EQ-02,2020-01-28,393,480,12,16,1480,8
1571,EQ-03,2020-01-28,412,480,12,17,1308,5
1572,EQ-04,2020-01-28,392,480,17,21,1601,11
1573,EQ-01,2020-01-29,403,480,32,15,1092,9
1574,EQ-02,2020-01-29,475,480,27,26,1360,10
1575,EQ-03,2020-01-29,444,480,25,17,1101,23
1576,EQ-04,2020-01-29,381,480,43,21,1196,14
1577,EQ-01,2020-01-30,401,480,44,15,1101,11
1578,EQ-02,2020-01-30,444,480,40,26,1603,10
1579,EQ-03,2020-01-30,436,480,16,20,1363,17
1580,EQ-04,2020-01-30,434,480,23,22,1417,8
1581,EQ-01,2020-01-31,420,480,17,29,1112,21
1582,EQ-02,2020-01-31,397,480,41,26,1295,22
1583,EQ-03,2020-01-31,472,480,12,17,1335,20
1584,EQ-04,2020-01-31,394,480,34,24,1467,24
1585,EQ-01,2020-02-01,227,240,14,15,525,8
1586,EQ-02,2020-02-01,208,240,12,15,491,5
1587,EQ-03,2020-02-01,198,240,18,15,398,8
1588,EQ-04,2020-02-01,184,240,20,15,590,7
1589,EQ-01,2020-02-02,203,240,10,15,353,7
1590,EQ-02,2020-02-02,211,240,8,15,451,5
1591,EQ-03,2020-02-02,213,240,7,15,380,3
1592,EQ-04,2020-02-02,205,240,17,15,527,6
1593,EQ-01,2020-02-03,393,480,20,17,1372,11
1594,EQ-02,2020-02-03,395,480,24,28,1511,13
1595,EQ-03,2020-02-03,414,480,35,26,1487,24
1596,EQ-04,2020-02-03,415,480,19,29,1110,8
1597,EQ-01,2020-02-04,397,480,11,18,1054,7
1598,EQ-02,2020-02-04,443,480,11,20,1391,24
1599,EQ-03,2020-02-04,466,480,30,19,1310,24
1600,EQ-04,2020-02-04,459,480,16,17,1676,21
1601,EQ-01,2020-02-05,443,480,39,21,1300,20
1602,EQ-02,2020-02-05,442,480,42,23,1555,15
1603,EQ-03,2020-02-05,449,480,44,15,1032,18
1604,EQ-04,2020-02-05,395,480,34,29,1322,17
1605,EQ-01,2020-02-06,436,480,39,16,1033,10
1606,EQ-02,2020-02-06,451,480,29,20,1503,18
1607,EQ-03,2020-02-06,397,480,29,27,1499,8
1608,EQ-04,2020-02-06,452,480,41,30,1487,22
1609,EQ-01,2020-02-07,400,480,42,16,1400,13
1610,EQ-02,2020-02-07,443,480,34,26,1291,15
1611,EQ-03,2020-02-07,387,480,11,16,1131,16
1612,EQ-04,2020-02-07,424,480,11,25,1389,8
1613,EQ-01,2020-02-08,207,240,16,15,441,5
1614,EQ-02,2020-02-08,202,240,6,15,519,3
1615,EQ-03,2020-02-08,195,240,12,15,515,4
1616,EQ-04,2020-02-08,217,240,7,15,583,7
1617,EQ-01,2020-02-09,184,240,14,15,379,4
1618,EQ-02,2020-02-09,190,240,5,15,487,4
1619,EQ-03,2020-02-09,182,240,19,15,518,8
1620,EQ-04,2020-02-09,207,240,23,15,481,5
1621,EQ-01,2020-02-10,414,480,11,30,1602,5
1622,EQ-02,2020-02-10,420,480,34,27,1330,23
1623,EQ-03,2020-02-10,392,480,41,18,1691,11
1624,EQ-04,2020-02-10,423,480,41,25,1170,24
1625,EQ-01,2020-02-11,418,480,33,28,1206,20
1626,EQ-02,2020-02-11,461,480,14,21,1294,13
1627,EQ-03,2020-02-11,386,480,29,27,1231,24
1628,EQ-04,2020-02-11,475,480,15,18,1606,15
1629,EQ-01,2020-02-12,414,480,14,30,1437,11
1630,EQ-02,2020-02-12,418,480,42,24,1443,22
1631,EQ-03,2020-02-12,459,480,42,29,1687,22
1632,EQ-04,2020-02-12,446,480,21,30,1218,19
1633,EQ-01,2020-02-13,458,480,37,16,1534,11
1634,EQ-02,2020-02-13,426,480,39,19,1246,9
1635,EQ-03,2020-02-13,475,480,29,28,1420,15
1636,EQ-04,2020-02-13,388,480,23,28,1273,14
1637,EQ-01,2020-02-14,462,480,20,23,1615,12
1638,EQ-02,2020-02-14,431,480,25,18,1153,11
1639,EQ-03,2020-02-14,383,480,25,24,1475,20
1640,EQ-04,2020-02-14,451,480,37,28,1662,6
1641,EQ-01,2020-02-15,192,240,10,15,419,3
1642,EQ-02,2020-02-15,181,240,13,15,552,8
1643,EQ-03,2020-02-15,197,240,22,15,395,7
1644,EQ-04,2020-02-15,182,240,20,15,550,2
1645,EQ-01,2020-02-16,183,240,7,15,430,6
1646,EQ-02,2020-02-16,199,240,7,15,580,5
1647,EQ-03,2020-02-16,203,240,7,15,451,8
1648,EQ-04,2020-02-16,226,240,9,15,410,2
1649,EQ-01,2020-02-17,453,480,42,18,1534,23
1650,EQ-02,2020-02-17,447,480,26,30,1092,12
1651,EQ-03,2020-02-17,456,480,17,25,1337,23
1652,EQ-04,2020-02-17,474,480,34,22,1433,11
1653,EQ-01,2020-02-18,398,480,16,20,1219,13
1654,EQ-02,2020-02-18,436,480,36,23,1603,6
1655,EQ-03,2020-02-18,442,480,44,26,1115,15
1656,EQ-04,2020-02-18,449,480,37,30,1699,12
1657,EQ-01,2020-02-19,415,480,19,26,1486,16
1658,EQ-02,2020-02-19,419,480,11,16,1678,6
1659,EQ-03,2020-02-19,468,480,25,23,1565,17
1660,EQ-04,2020-02-19,419,480,33,18,1547,12
1661,EQ-01,2020-02-20,436,480,34,15,1402,13
1662,EQ-02,2020-02-20,418,480,15,22,1304,11
1663,EQ-03,2020-02-20,400,480,38,25,1659,18
1664,EQ-04,2020-02-20,384,480,27,17,1503,20
1665,EQ-01,2020-02-21,474,480,36,25,1432,8
1666,EQ-02,2020-02-21,400,480,26,17,1360,18
1667,EQ-03,2020-02-21,457,480,45,25,1464,5
1668,EQ-04,2020-02-21,386,480,21,29,1656,9
1669,EQ-01,2020-02-22,180,240,17,15,401,7
1670,EQ-02,2020-02-22,190,240,12,15,482,7
1671,EQ-03,2020-02-22,218,240,18,15,552,4
1672,EQ-04,2020-02-22,196,240,10,15,525,6
1673,EQ-01,2020-02-23,185,240,18,15,444,3
1674,EQ-02,2020-02-23,205,240,17,15,591,8
1675,EQ-03,2020-02-23,216,240,12,15,355,2
1676,EQ-04,2020-02-23,215,240,25,15,506,7
1677,EQ-01,2020-02-24,409,480,15,29,1203,13
1678,EQ-02,2020-02-24,469,480,20,16,1410,24
1679,EQ-03,2020-02-24,434,480,26,19,1091,16
1680,EQ-04,2020-02-24,401,480,17,15,1538,18
1681,EQ-01,2020-02-25,438,480,41,18,1229,11
1682,EQ-02,2020-02-25,404,480,27,24,1506,17
1683,EQ-03,2020-02-25,396,480,37,21,1614,11
1684,EQ-04,2020-02-25,416,480,22,28,1184,18
1685,EQ-01,2020-02-26,398,480,11,24,1268,12
1686,EQ-02,2020-02-26,459,480,38,22,1378,23
1687,EQ-03,2020-02-26,467,480,39,17,1010,20
1688,EQ-04,2020-02-26,397,480,30,27,1217,17
1689,EQ-01,2020-02-27,470,480,37,23,1074,8
1690,EQ-02,2020-02-27,451,480,13,16,1340,12
1691,EQ-03,2020-02-27,440,480,32,16,1005,13
1692,EQ-04,2020-02-27,444,480,34,24,1404,16
1693,EQ-01,2020-02-28,396,480,45,16,1594,10
1694,EQ-02,2020-02-28,413,480,20,30,1347,19
1695,EQ-03,2020-02-28,396,480,15,25,1543,18
1696,EQ-04,2020-02-28,398,480,26,18,1320,6
1697,EQ-01,2020-02-29,188,240,20,15,573,8
1698,EQ-02,2020-02-29,197,240,16,15,587,5
1699,EQ-03,2020-02-29,198,240,13,15,506,8
1700,EQ-04,2020-02-29,228,240,13,15,482,4
1701,EQ-01,2020-03-01,207,240,10,15,430,7
1702,EQ-02,2020-03-01,211,240,9,15,492,8
1703,EQ-03,2020-03-01,222,240,25,15,554,5
1704,EQ-04,2020-03-01,183,240,11,15,388,2
1705,EQ-01,2020-03-02,409,480,21,16,1481,13
1706,EQ-02,2020-03-02,400,480,39,28,1118,20
1707,EQ-03,2020-03-02,385,480,38,26,1574,20
1708,EQ-04,2020-03-02,438,480,41,18,1151,8
1709,EQ-01,2020-03-03,424,480,15,21,1290,10
1710,EQ-02,2020-03-03,414,480,23,15,1538,23
1711,EQ-03,2020-03-03,443,480,16,25,1026,14
1712,EQ-04,2020-03-03,427,480,16,25,1157,5
1713,EQ-01,2020-03-04,441,480,39,23,1608,5
1714,EQ-02,2020-03-04,422,480,12,29,1332,23
1715,EQ-03,2020-03-04,396,480,23,16,1659,14
1716,EQ-04,2020-03-04,421,480,13,17,1560,24
1717,EQ-01,2020-03-05,428,480,15,27,1261,10
1718,EQ-02,2020-03-05,410,480,35,17,1021,11
1719,EQ-03,2020-03-05,400,480,34,27,1291,25
1720,EQ-04,2020-03-05,463,480,19,18,1305,20
1721,EQ-01,2020-03-06,435,480,29,19,1367,8
1722,EQ-02,2020-03-06,427,480,42,21,1501,19
1723,EQ-03,2020-03-06,429,480,40,23,1576,24
1724,EQ-04,2020-03-06,434,480,15,28,1377,24
1725,EQ-01,2020-03-07,191,240,18,15,511,5
1726,EQ-02,2020-03-07,185,240,6,15,481,4
1727,EQ-03,2020-03-07,209,240,12,15,515,7
1728,EQ-04,2020-03-07,225,240,9,15,588,5
1729,EQ-01,2020-03-08,213,240,25,15,515,6
1730,EQ-02,2020-03-08,185,240,14,15,469,5
1731,EQ-03,2020-03-08,185,240,20,15,426,3
1732,EQ-04,2020-03-08,188,240,14,15,565,3
1733,EQ-01,2020-03-09,446,480,37,24,1582,6
1734,EQ-02,2020-03-09,450,480,14,16,1525,8
1735,EQ-03,2020-03-09,445,480,37,28,1096,19
1736,EQ-04,2020-03-09,464,480,26,26,1260,23
1737,EQ-01,2020-03-10,390,480,42,15,1116,19
1738,EQ-02,2020-03-10,402,480,21,27,1046,7
1739,EQ-03,2020-03-10,433,480,29,25,1601,19
1740,EQ-04,2020-03-10,465,480,38,23,1349,10
1741,EQ-01,2020-03-11,407,480,21,17,1618,13
1742,EQ-02,2020-03-11,466,480,16,28,1547,5
1743,EQ-03,2020-03-11,380,480,35,18,1013,10
1744,EQ-04,2020-03-11,463,480,40,29,1414,24
1745,EQ-01,2020-03-12,472,480,41,24,1633,24
1746,EQ-02,2020-03-12,466,480,35,24,1089,9
1747,EQ-03,2020-03-12,382,480,22,15,1214,20
1748,EQ-04,2020-03-12,460,480,44,21,1088,14
1749,EQ-01,2020-03-13,382,480,17,20,1156,19
1750,EQ-02,2020-03-13,442,480,40,15,1460,23
1751,EQ-03,2020-03-13,411,480,22,24,1583,17
1752,EQ-04,2020-03-13,386,480,31,15,1105,25
1753,EQ-01,2020-03-14,225,240,18,15,600,5
1754,EQ-02,2020-03-14,211,240,23,15,502,7
1755,EQ-03,2020-03-14,215,240,14,15,359,5
1756,EQ-04,2020-03-14,205,240,20,15,481,6
1757,EQ-01,2020-03-15,226,240,24,15,589,7
1758,EQ-02,2020-03-15,211,240,12,15,532,2
1759,EQ-03,2020-03-15,213,240,5,15,458,6
1760,EQ-04,2020-03-15,200,240,22,15,366,4
1761,EQ-01,2020-03-16,462,480,36,30,1119,20
1762,EQ-02,2020-03-16,459,480,32,29,1446,5
1763,EQ-03,2020-03-16,400,480,28,21,1480,16
1764,EQ-04,2020-03-16,436,480,24,22,1601,15
1765,EQ-01,2020-03-17,457,480,39,19,1300,17
1766,EQ-02,2020-03-17,433,480,33,30,1165,24
1767,EQ-03,2020-03-17,406,480,28,17,1683,20
1768,EQ-04,2020-03-17,396,480,21,21,1160,24
1769,EQ-01,2020-03-18,442,480,16,28,1505,14
1770,EQ-02,2020-03-18,410,480,23,16,1018,16
1771,EQ-03,2020-03-18,413,480,32,20,1178,21
1772,EQ-04,2020-03-18,384,480,14,25,1440,8
1773,EQ-01,2020-03-19,459,480,24,18,1575,12
1774,EQ-02,2020-03-19,442,480,26,25,1363,6
1775,EQ-03,2020-03-19,451,480,27,19,1527,24
1776,EQ-04,2020-03-19,465,480,16,16,1448,19
1777,EQ-01,2020-03-20,394,480,16,18,1575,6
1778,EQ-02,2020-03-20,444,480,16,20,1645,8
1779,EQ-03,2020-03-20,406,480,33,20,1299,19
1780,EQ-04,2020-03-20,444,480,41,18,1157,25
1781,EQ-01,2020-03-21,203,240,15,15,559,3
1782,EQ-02,2020-03-21,187,240,11,15,462,5
1783,EQ-03,2020-03-21,229,240,5,15,412,8
1784,EQ-04,2020-03-21,210,240,15,15,423,6
1785,EQ-01,2020-03-22,190,240,7,15,418,4
1786,EQ-02,2020-03-22,189,240,21,15,457,8
1787,EQ-03,2020-03-22,206,240,19,15,593,8
1788,EQ-04,2020-03-22,208,240,9,15,547,2
1789,EQ-01,2020-03-23,390,480,31,25,1411,10
1790,EQ-02,2020-03-23,435,480,13,27,1037,25
1791,EQ-03,2020-03-23,399,480,13,24,1429,17
1792,EQ-04,2020-03-23,467,480,45,24,1321,16
1793,EQ-01,2020-03-24,381,480,27,19,1413,19
1794,EQ-02,2020-03-24,462,480,23,29,1353,25
1795,EQ-03,2020-03-24,431,480,22,24,1086,6
1796,EQ-04,2020-03-24,448,480,31,27,1129,21
1797,EQ-01,2020-03-25,449,480,28,21,1095,21
1798,EQ-02,2020-03-25,450,480,29,25,1650,10
1799,EQ-03,2020-03-25,382,480,11,23,1247,14
1800,EQ-04,2020-03-25,472,480,37,18,1061,16
1801,EQ-01,2020-03-26,413,480,42,26,1126,6
1802,EQ-02,2020-03-26,463,480,17,29,1305,23
1803,EQ-03,2020-03-26,474,480,10,29,1347,12
1804,EQ-04,2020-03-26,475,480,44,22,1358,14
1805,EQ-01,2020-03-27,416,480,18,27,1532,12
1806,EQ-02,2020-03-27,393,480,30,21,1369,19
1807,EQ-03,2020-03-27,392,480,19,28,1421,7
1808,EQ-04,2020-03-27,391,480,13,28,1133,20
1809,EQ-01,2020-03-28,193,240,19,15,369,4
1810,EQ-02,2020-03-28,223,240,21,15,453,6
1811,EQ-03,2020-03-28,215,240,21,15,549,5
1812,EQ-04,2020-03-28,196,240,23,15,477,7
1813,EQ-01,2020-03-29,207,240,19,15,526,5
1814,EQ-02,2020-03-29,226,240,18,15,560,3
1815,EQ-03,2020-03-29,189,240,21,15,382,5
1816,EQ-04,2020-03-29,225,240,19,15,383,7
1817,EQ-01,2020-03-30,445,480,43,18,1217,19
1818,EQ-02,2020-03-30,440,480,12,20,1572,16
1819,EQ-03,2020-03-30,395,480,36,18,1123,16
1820,EQ-04,2020-03-30,453,480,28,16,1535,9
1821,EQ-01,2020-03-31,395,480,33,24,1383,14
1822,EQ-02,2020-03-31,417,480,41,15,1146,9
1823,EQ-03,2020-03-31,455,480,36,16,1312,14
1824,EQ-04,2020-03-31,407,480,21,30,1002,8
1825,EQ-01,2020-04-01,450,480,32,17,1045,18
1826,EQ-02,2020-04-01,441,480,29,29,1345,17
1827,EQ-03,2020-04-01,440,480,18,19,1516,25
1828,EQ-04,2020-04-01,438,480,38,29,1152,15
1829,EQ-01,2020-04-02,391,480,36,27,1238,17
1830,EQ-02,2020-04-02,423,480,44,16,1686,19
1831,EQ-03,2020-04-02,474,480,27,17,1169,5
1832,EQ-04,2020-04-02,453,480,29,18,1659,22
1833,EQ-01,2020-04-03,390,480,22,16,1583,21
1834,EQ-02,2020-04-03,382,480,17,20,1019,13
1835,EQ-03,2020-04-03,454,480,38,17,1546,24
1836,EQ-04,2020-04-03,382,480,31,28,1184,18
1837,EQ-01,2020-04-04,196,240,7,15,379,2
1838,EQ-02,2020-04-04,214,240,10,15,423,3
1839,EQ-03,2020-04-04,191,240,13,15,546,2
1840,EQ-04,2020-04-04,189,240,14,15,593,5
1841,EQ-01,2020-04-05,223,240,10,15,365,6
1842,EQ-02,2020-04-05,200,240,10,15,356,7
1843,EQ-03,2020-04-05,183,240,14,15,449,2
1844,EQ-04,2020-04-05,200,240,9,15,455,4
1845,EQ-01,2020-04-06,413,480,34,18,1053,11
1846,EQ-02,2020-04-06,410,480,25,30,1520,21
1847,EQ-03,2020-04-06,429,480,17,23,1062,15
1848,EQ-04,2020-04-06,439,480,45,28,1067,20
1849,EQ-01,2020-04-07,383,480,36,22,1019,13
1850,EQ-02,2020-04-07,450,480,16,22,1568,25
1851,EQ-03,2020-04-07,396,480,29,28,1456,7
1852,EQ-04,2020-04-07,461,480,42,21,1145,16
1853,EQ-01,2020-04-08,449,480,20,22,1550,18
1854,EQ-02,2020-04-08,451,480,38,16,1001,19
1855,EQ-03,2020-04-08,459,480,28,20,1000,6
1856,EQ-04,2020-04-08,441,480,27,23,1696,17
1857,EQ-01,2020-04-09,424,480,23,24,1046,10
1858,EQ-02,2020-04-09,474,480,44,17,1307,7
1859,EQ-03,2020-04-09,430,480,17,19,1569,13
1860,EQ-04,2020-04-09,435,480,23,25,1698,15
1861,EQ-01,2020-04-10,461,480,26,29,1279,12
1862,EQ-02,2020-04-10,464,480,30,25,1215,19
1863,EQ-03,2020-04-10,456,480,31,15,1136,25
1864,EQ-04,2020-04-10,380,480,40,15,1009,10
1865,EQ-01,2020-04-11,206,240,22,15,579,7
1866,EQ-02,2020-04-11,225,240,20,15,545,5
1867,EQ-03,2020-04-11,214,240,7,15,551,7
1868,EQ-04,2020-04-11,221,240,7,15,487,2
1869,EQ-01,2020-04-12,222,240,19,15,522,2
1870,EQ-02,2020-04-12,218,240,16,15,449,3
1871,EQ-03,2020-04-12,187,240,19,15,444,3
1872,EQ-04,2020-04-12,228,240,13,15,524,7
1873,EQ-01,2020-04-13,460,480,29,22,1239,20
1874,EQ-02,2020-04-13,426,480,12,23,1504,24
1875,EQ-03,2020-04-13,406,480,10,21,1653,17
1876,EQ-04,2020-04-13,394,480,27,30,1174,22
1877,EQ-01,2020-04-14,404,480,21,17,1602,9
1878,EQ-02,2020-04-14,475,480,14,19,1265,23
1879,EQ-03,2020-04-14,409,480,43,23,1196,5
1880,EQ-04,2020-04-14,468,480,44,23,1697,22
1881,EQ-01,2020-04-15,438,480,10,28,1656,25
1882,EQ-02,2020-04-15,386,480,30,28,1416,13
1883,EQ-03,2020-04-15,395,480,43,29,1507,16
1884,EQ-04,2020-04-15,446,480,12,22,1048,13
1885,EQ-01,2020-04-16,433,480,44,29,1323,5
1886,EQ-02,2020-04-16,430,480,22,25,1083,23
1887,EQ-03,2020-04-16,383,480,24,28,1076,12
1888,EQ-04,2020-04-16,405,480,20,25,1318,7
1889,EQ-01,2020-04-17,460,480,16,15,1491,18
1890,EQ-02,2020-04-17,383,480,31,23,1253,8
1891,EQ-03,2020-04-17,440,480,25,25,1055,15
1892,EQ-04,2020-04-17,446,480,25,17,1614,24
1893,EQ-01,2020-04-18,208,240,8,15,510,5
1894,EQ-02,2020-04-18,217,240,8,15,371,2
1895,EQ-03,2020-04-18,182,240,17,15,430,8
1896,EQ-04,2020-04-18,224,240,7,15,550,3
1897,EQ-01,2020-04-19,183,240,19,15,364,4
1898,EQ-02,2020-04-19,219,240,25,15,460,2
1899,EQ-03,2020-04-19,186,240,6,15,493,2
1900,EQ-04,2020-04-19,198,240,17,15,452,2
1901,EQ-01,2020-04-20,459,480,36,22,1613,24
1902,EQ-02,2020-04-20,381,480,39,27,1475,18
1903,EQ-03,2020-04-20,459,480,16,25,1666,5
1904,EQ-04,2020-04-20,438,480,43,25,1601,11
1905,EQ-01,2020-04-21,393,480,16,15,1609,7
1906,EQ-02,2020-04-21,455,480,22,19,1652,21
1907,EQ-03,2020-04-21,412,480,32,28,1492,24
1908,EQ-04,2020-04-21,436,480,21,22,1140,6
1909,EQ-01,2020-04-22,387,480,18,24,1598,18
1910,EQ-02,2020-04-22,419,480,44,19,1150,20
1911,EQ-03,2020-04-22,381,480,43,19,1058,12
1912,EQ-04,2020-04-22,434,480,32,21,1205,25
1913,EQ-01,2020-04-23,404,480,40,29,1614,15
1914,EQ-02,2020-04-23,454,480,31,24,1428,15
1915,EQ-03,2020-04-23,400,480,16,29,1043,20
1916,EQ-04,2020-04-23,408,480,10,22,1235,19
1917,EQ-01,2020-04-24,459,480,23,22,1492,15
1918,EQ-02,2020-04-24,474,480,34,21,1409,10
1919,EQ-03,2020-04-24,380,480,33,15,1075,16
1920,EQ-04,2020-04-24,383,480,45,18,1145,14
1921,EQ-01,2020-04-25,208,240,11,15,511,6
1922,EQ-02,2020-04-25,228,240,16,15,361,2
1923,EQ-03,2020-04-25,192,240,11,15,422,3
1924,EQ-04,2020-04-25,194,240,13,15,534,3
1925,EQ-01,2020-04-26,201,240,22,15,412,3
1926,EQ-02,2020-04-26,192,240,5,15,395,8
1927,EQ-03,2020-04-26,196,240,8,15,355,8
1928,EQ-04,2020-04-26,223,240,9,15,447,7
1929,EQ-01,2020-04-27,394,480,31,21,1312,19
1930,EQ-02,2020-04-27,410,480,33,26,1676,10
1931,EQ-03,2020-04-27,447,480,37,17,1121,9
1932,EQ-04,2020-04-27,396,480,22,21,1545,17
1933,EQ-01,2020-04-28,468,480,33,25,1613,18
1934,EQ-02,2020-04-28,461,480,25,16,1630,23
1935,EQ-03,2020-04-28,404,480,44,24,1152,15
1936,EQ-04,2020-04-28,411,480,13,23,1129,21
1937,EQ-01,2020-04-29,454,480,41,21,1083,20
1938,EQ-02,2020-04-29,464,480,14,20,1520,17
1939,EQ-03,2020-04-29,462,480,42,26,1510,21
1940,EQ-04,2020-04-29,439,480,21,25,1382,21
1941,EQ-01,2020-04-30,468,480,40,30,1485,13
1942,EQ-02,2020-04-30,454,480,35,16,1212,12
1943,EQ-03,2020-04-30,405,480,38,22,1405,11
1944,EQ-04,2020-04-30,419,480,37,27,1585,10
1945,EQ-01,2020-05-01,427,480,26,17,1137,7
1946,EQ-02,2020-05-01,417,480,38,26,1235,23
1947,EQ-03,2020-05-01,385,480,39,25,1436,19
1948,EQ-04,2020-05-01,439,480,37,28,1376,20
1949,EQ-01,2020-05-02,200,240,13,15,447,2
1950,EQ-02,2020-05-02,191,240,19,15,409,4
1951,EQ-03,2020-05-02,221,240,7,15,441,2
1952,EQ-04,2020-05-02,198,240,21,15,481,6
1953,EQ-01,2020-05-03,221,240,7,15,551,4
1954,EQ-02,2020-05-03,203,240,6,15,489,3
1955,EQ-03,2020-05-03,199,240,13,15,398,7
1956,EQ-04,2020-05-03,228,240,22,15,583,4
1957,EQ-01,2020-05-04,424,480,35,27,1593,25
1958,EQ-02,2020-05-04,381,480,40,19,1407,12
1959,EQ-03,2020-05-04,409,480,23,30,1239,21
1960,EQ-04,2020-05-04,455,480,45,29,1472,15
1961,EQ-01,2020-05-05,390,480,30,21,1439,18
1962,EQ-02,2020-05-05,406,480,38,29,1571,5
1963,EQ-03,2020-05-05,427,480,18,19,1312,5
1964,EQ-04,2020-05-05,443,480,32,25,1230,18
1965,EQ-01,2020-05-06,434,480,35,24,1333,23
1966,EQ-02,2020-05-06,382,480,12,19,1157,15
1967,EQ-03,2020-05-06,452,480,35,27,1209,17
1968,EQ-04,2020-05-06,388,480,44,27,1192,20
1969,EQ-01,2020-05-07,393,480,31,29,1654,14
1970,EQ-02,2020-05-07,391,480,20,18,1691,22
1971,EQ-03,2020-05-07,402,480,12,30,1027,10
1972,EQ-04,2020-05-07,405,480,14,27,1290,11
1973,EQ-01,2020-05-08,409,480,28,17,1465,6
1974,EQ-02,2020-05-08,427,480,43,15,1175,15
1975,EQ-03,2020-05-08,432,480,35,20,1113,9
1976,EQ-04,2020-05-08,448,480,36,30,1070,17
1977,EQ-01,2020-05-09,193,240,9,15,572,3
1978,EQ-02,2020-05-09,199,240,18,15,559,7
1979,EQ-03,2020-05-09,222,240,20,15,390,6
1980,EQ-04,2020-05-09,216,240,14,15,500,3
1981,EQ-01,2020-05-10,212,240,19,15,420,3
1982,EQ-02,2020-05-10,180,240,9,15,464,2
1983,EQ-03,2020-05-10,205,240,24,15,556,3
1984,EQ-04,2020-05-10,213,240,15,15,583,6
1985,EQ-01,2020-05-11,442,480,39,29,1589,6
1986,EQ-02,2020-05-11,474,480,15,24,1661,19
1987,EQ-03,2020-05-11,424,480,29,27,1627,10
1988,EQ-04,2020-05-11,433,480,25,20,1632,18
1989,EQ-01,2020-05-12,438,480,34,20,1582,8
1990,EQ-02,2020-05-12,400,480,27,24,1682,7
1991,EQ-03,2020-05-12,443,480,36,18,1377,7
1992,EQ-04,2020-05-12,421,480,36,29,1168,13
1993,EQ-01,2020-05-13,389,480,39,27,1351,17
1994,EQ-02,2020-05-13,404,480,35,16,1010,13
1995,EQ-03,2020-05-13,394,480,18,25,1686,19
1996,EQ-04,2020-05-13,442,480,39,17,1084,22
1997,EQ-01,2020-05-14,464,480,25,29,1143,20
1998,EQ-02,2020-05-14,415,480,20,20,1018,24
1999,EQ-03,2020-05-14,392,480,21,24,1127,22
2000,EQ-04,2020-05-14,474,480,35,20,1079,5
2001,EQ-01,2020-05-15,466,480,27,19,1451,16
2002,EQ-02,2020-05-15,402,480,23,16,1691,22
2003,EQ-03,2020-05-15,407,480,38,16,1650,21
2004,EQ-04,2020-05-15,462,480,16,27,1315,19
2005,EQ-01,2020-05-16,183,240,24,15,351,2
2006,EQ-02,2020-05-16,229,240,17,15,546,3
2007,EQ-03,2020-05-16,195,240,16,15,582,3
2008,EQ-04,2020-05-16,192,240,7,15,354,5
2009,EQ-01,2020-05-17,181,240,5,15,436,8
2010,EQ-02,2020-05-17,192,240,7,15,406,2
2011,EQ-03,2020-05-17,222,240,10,15,535,3
2012,EQ-04,2020-05-17,182,240,18,15,481,2
2013,EQ-01,2020-05-18,421,480,30,21,1639,11
2014,EQ-02,2020-05-18,449,480,35,28,1123,12
2015,EQ-03,2020-05-18,407,480,16,26,1331,10
2016,EQ-04,2020-05-18,381,480,35,25,1012,17
2017,EQ-01,2020-05-19,407,480,39,22,1067,13
2018,EQ-02,2020-05-19,463,480,33,16,1068,11
2019,EQ-03,2020-05-19,432,480,29,30,1104,22
2020,EQ-04,2020-05-19,452,480,20,23,1097,24
2021,EQ-01,2020-05-20,421,480,34,19,1340,10
2022,EQ-02,2020-05-20,461,480,30,30,1069,15
2023,EQ-03,2020-05-20,382,480,38,27,1523,25
2024,EQ-04,2020-05-20,474,480,24,15,1238,5
2025,EQ-01,2020-05-21,458,480,17,24,1242,18
2026,EQ-02,2020-05-21,411,480,15,16,1140,16
2027,EQ-03,2020-05-21,443,480,28,21,1155,17
2028,EQ-04,2020-05-21,406,480,12,22,1612,19
2029,EQ-01,2020-05-22,474,480,31,19,1284,15
2030,EQ-02,2020-05-22,433,480,28,15,1234,15
2031,EQ-03,2020-05-22,465,480,25,22,1622,17
2032,EQ-04,2020-05-22,388,480,41,17,1197,6
2033,EQ-01,2020-05-23,188,240,7,15,394,6
2034,EQ-02,2020-05-23,215,240,11,15,410,6
2035,EQ-03,2020-05-23,185,240,18,15,535,5
2036,EQ-04,2020-05-23,199,240,10,15,534,3
2037,EQ-01,2020-05-24,195,240,18,15,395,6
2038,EQ-02,2020-05-24,195,240,14,15,423,6
2039,EQ-03,2020-05-24,208,240,25,15,401,4
2040,EQ-04,2020-05-24,230,240,20,15,370,4
2041,EQ-01,2020-05-25,430,480,34,20,1482,19
2042,EQ-02,2020-05-25,434,480,42,28,1159,20
2043,EQ-03,2020-05-25,382,480,34,28,1085,14
2044,EQ-04,2020-05-25,456,480,44,19,1566,10
2045,EQ-01,2020-05-26,412,480,34,29,1313,19
2046,EQ-02,2020-05-26,416,480,34,30,1073,15
2047,EQ-03,2020-05-26,397,480,40,21,1158,11
2048,EQ-04,2020-05-26,380,480,10,26,1503,17
2049,EQ-01,2020-05-27,433,480,35,26,1393,20
2050,EQ-02,2020-05-27,419,480,14,28,1039,8
2051,EQ-03,2020-05-27,429,480,20,21,1446,13
2052,EQ-04,2020-05-27,472,480,32,30,1650,16
2053,EQ-01,2020-05-28,469,480,13,27,1434,12
2054,EQ-02,2020-05-28,411,480,40,16,1370,25
2055,EQ-03,2020-05-28,470,480,11,19,1267,24
2056,EQ-04,2020-05-28,438,480,19,23,1253,24
2057,EQ-01,2020-05-29,454,480,20,15,1119,7
2058,EQ-02,2020-05-29,462,480,34,27,1600,7
2059,EQ-03,2020-05-29,446,480,22,28,1169,18
2060,EQ-04,2020-05-29,412,480,29,27,1600,14
2061,EQ-01,2020-05-30,226,240,18,15,542,7
2062,EQ-02,2020-05-30,185,240,8,15,512,6
2063,EQ-03,2020-05-30,229,240,16,15,558,3
2064,EQ-04,2020-05-30,197,240,11,15,588,7
2065,EQ-01,2020-05-31,205,240,14,15,351,3
2066,EQ-02,2020-05-31,211,240,5,15,374,2
2067,EQ-03,2020-05-31,229,240,18,15,484,5
2068,EQ-04,2020-05-31,221,240,14,15,537,5
2069,EQ-01,2020-06-01,401,480,21,26,1190,9
2070,EQ-02,2020-06-01,405,480,41,20,1514,8
2071,EQ-03,2020-06-01,437,480,23,20,1205,6
2072,EQ-04,2020-06-01,475,480,21,21,1265,18
2073,EQ-01,2020-06-02,436,480,16,20,1081,14
2074,EQ-02,2020-06-02,390,480,34,18,1283,7
2075,EQ-03,2020-06-02,423,480,11,22,1489,20
2076,EQ-04,2020-06-02,466,480,16,15,1062,13
2077,EQ-01,2020-06-03,380,480,12,18,1216,21
2078,EQ-02,2020-06-03,414,480,41,30,1345,24
2079,EQ-03,2020-06-03,423,480,30,22,1369,17
2080,EQ-04,2020-06-03,422,480,16,15,1467,17
2081,EQ-01,2020-06-04,383,480,17,23,1254,16
2082,EQ-02,2020-06-04,437,480,40,28,1676,11
2083,EQ-03,2020-06-04,380,480,30,15,1648,16
2084,EQ-04,2020-06-04,385,480,30,29,1239,24
2085,EQ-01,2020-06-05,442,480,35,17,1356,18
2086,EQ-02,2020-06-05,440,480,16,27,1300,24
2087,EQ-03,2020-06-05,404,480,19,16,1130,20
2088,EQ-04,2020-06-05,391,480,29,29,1172,19
2089,EQ-01,2020-06-06,187,240,20,15,519,6
2090,EQ-02,2020-06-06,195,240,12,15,404,3
2091,EQ-03,2020-06-06,228,240,7,15,377,5
2092,EQ-04,2020-06-06,225,240,5,15,391,4
2093,EQ-01,2020-06-07,204,240,13,15,406,7
2094,EQ-02,2020-06-07,196,240,20,15,593,7
2095,EQ-03,2020-06-07,187,240,9,15,586,6
2096,EQ-04,2020-06-07,220,240,20,15,373,8
2097,EQ-01,2020-06-08,468,480,31,22,1589,24
2098,EQ-02,2020-06-08,388,480,31,27,1390,25
2099,EQ-03,2020-06-08,462,480,45,28,1238,12
2100,EQ-04,2020-06-08,413,480,17,24,1089,8
2101,EQ-01,2020-06-09,391,480,31,21,1118,23
2102,EQ-02,2020-06-09,427,480,18,25,1389,23
2103,EQ-03,2020-06-09,474,480,10,24,1063,23
2104,EQ-04,2020-06-09,448,480,22,27,1433,15
2105,EQ-01,2020-06-10,426,480,18,22,1109,17
2106,EQ-02,2020-06-10,381,480,44,29,1323,9
2107,EQ-03,2020-06-10,417,480,24,30,1696,19
2108,EQ-04,2020-06-10,398,480,28,19,1681,6
2109,EQ-01,2020-06-11,456,480,30,24,1514,8
2110,EQ-02,2020-06-11,415,480,40,21,1506,14
2111,EQ-03,2020-06-11,470,480,34,16,1341,9
2112,EQ-04,2020-06-11,471,480,23,22,1053,10
2113,EQ-01,2020-06-12,442,480,35,24,1675,10
2114,EQ-02,2020-06-12,434,480,40,26,1400,17
2115,EQ-03,2020-06-12,469,480,22,27,1099,9
2116,EQ-04,2020-06-12,386,480,29,29,1670,10
2117,EQ-01,2020-06-13,198,240,9,15,403,3
2118,EQ-02,2020-06-13,227,240,11,15,538,7
2119,EQ-03,2020-06-13,180,240,16,15,535,8
2120,EQ-04,2020-06-13,216,240,8,15,523,8
2121,EQ-01,2020-06-14,189,240,17,15,593,5
2122,EQ-02,2020-06-14,223,240,10,15,587,2
2123,EQ-03,2020-06-14,186,240,16,15,599,5
2124,EQ-04,2020-06-14,191,240,6,15,380,6
2125,EQ-01,2020-06-15,463,480,31,28,1152,25
2126,EQ-02,2020-06-15,472,480,35,22,1034,8
2127,EQ-03,2020-06-15,410,480,35,30,1309,24
2128,EQ-04,2020-06-15,402,480,34,17,1474,25
2129,EQ-01,2020-06-16,428,480,27,29,1376,5
2130,EQ-02,2020-06-16,395,480,17,17,1124,20
2131,EQ-03,2020-06-16,462,480,42,22,1023,23
2132,EQ-04,2020-06-16,453,480,40,23,1096,23
2133,EQ-01,2020-06-17,403,480,34,30,1660,18
2134,EQ-02,2020-06-17,418,480,18,18,1333,7
2135,EQ-03,2020-06-17,471,480,44,20,1415,5
2136,EQ-04,2020-06-17,430,480,45,30,1065,21
2137,EQ-01,2020-06-18,454,480,44,18,1212,8
2138,EQ-02,2020-06-18,403,480,21,15,1568,19
2139,EQ-03,2020-06-18,420,480,17,16,1131,23
2140,EQ-04,2020-06-18,406,480,20,17,1575,13
2141,EQ-01,2020-06-19,384,480,15,18,1518,14
2142,EQ-02,2020-06-19,426,480,44,20,1433,5
2143,EQ-03,2020-06-19,411,480,29,16,1531,14
2144,EQ-04,2020-06-19,464,480,44,29,1143,23
2145,EQ-01,2020-06-20,211,240,15,15,483,4
2146,EQ-02,2020-06-20,218,240,22,15,480,3
2147,EQ-03,2020-06-20,224,240,8,15,519,8
2148,EQ-04,2020-06-20,182,240,12,15,359,3
2149,EQ-01,2020-06-21,189,240,14,15,569,8
2150,EQ-02,2020-06-21,193,240,9,15,504,6
2151,EQ-03,2020-06-21,193,240,23,15,441,4
2152,EQ-04,2020-06-21,188,240,24,15,458,2
2153,EQ-01,2020-06-22,450,480,26,23,1390,25
2154,EQ-02,2020-06-22,412,480,37,19,1548,11
2155,EQ-03,2020-06-22,471,480,33,20,1429,9
2156,EQ-04,2020-06-22,383,480,25,17,1276,8
2157,EQ-01,2020-06-23,388,480,31,17,1371,15
2158,EQ-02,2020-06-23,414,480,19,22,1280,5
2159,EQ-03,2020-06-23,392,480,34,22,1387,8
2160,EQ-04,2020-06-23,395,480,21,24,1602,20
2161,EQ-01,2020-06-24,392,480,43,26,1585,14
2162,EQ-02,2020-06-24,450,480,27,18,1049,10
2163,EQ-03,2020-06-24,420,480,34,20,1353,22
2164,EQ-04,2020-06-24,450,480,35,30,1606,9
2165,EQ-01,2020-06-25,413,480,10,19,1673,9
2166,EQ-02,2020-06-25,398,480,34,23,1054,25
2167,EQ-03,2020-06-25,427,480,25,28,1468,10
2168,EQ-04,2020-06-25,436,480,32,29,1514,14
2169,EQ-01,2020-06-26,415,480,37,22,1312,25
2170,EQ-02,2020-06-26,391,480,29,28,1320,7
2171,EQ-03,2020-06-26,461,480,15,17,1245,7
2172,EQ-04,2020-06-26,401,480,13,17,1292,22
2173,EQ-01,2020-06-27,211,240,5,15,596,5
2174,EQ-02,2020-06-27,223,240,21,15,588,7
2175,EQ-03,2020-06-27,188,240,20,15,477,6
2176,EQ-04,2020-06-27,223,240,22,15,528,2
2177,EQ-01,2020-06-28,205,240,5,15,507,3
2178,EQ-02,2020-06-28,227,240,5,15,532,5
2179,EQ-03,2020-06-28,224,240,22,15,541,4
2180,EQ-04,2020-06-28,195,240,21,15,525,6
2181,EQ-01,2020-06-29,385,480,38,20,1690,21
2182,EQ-02,2020-06-29,408,480,21,17,1375,9
2183,EQ-03,2020-06-29,445,480,32,16,1432,20
2184,EQ-04,2020-06-29,428,480,20,26,1115,15
2185,EQ-01,2020-06-30,466,480,25,18,1297,14
2186,EQ-02,2020-06-30,441,480,28,23,1218,5
2187,EQ-03,2020-06-30,474,480,35,21,1312,25
2188,EQ-04,2020-06-30,445,480,12,29,1632,20
2189,EQ-01,2020-07-01,387,480,32,15,1630,19
2190,EQ-02,2020-07-01,422,480,29,26,1109,5
2191,EQ-03,2020-07-01,424,480,21,27,1363,5
2192,EQ-04,2020-07-01,392,480,37,30,1202,7
2193,EQ-01,2020-07-02,447,480,42,19,1420,8
2194,EQ-02,2020-07-02,442,480,10,19,1672,13
2195,EQ-03,2020-07-02,408,480,40,27,1383,14
2196,EQ-04,2020-07-02,426,480,37,20,1549,13
2197,EQ-01,2020-07-03,393,480,38,29,1165,9
2198,EQ-02,2020-07-03,470,480,22,18,1194,14
2199,EQ-03,2020-07-03,422,480,12,20,1682,11
2200,EQ-04,2020-07-03,395,480,36,30,1563,20
2201,EQ-01,2020-07-04,228,240,17,15,478,7
2202,EQ-02,2020-07-04,227,240,17,15,383,2
2203,EQ-03,2020-07-04,186,240,5,15,382,3
2204,EQ-04,2020-07-04,202,240,21,15,353,8
2205,EQ-01,2020-07-05,223,240,12,15,363,7
2206,EQ-02,2020-07-05,201,240,18,15,599,6
2207,EQ-03,2020-07-05,227,240,5,15,461,5
2208,EQ-04,2020-07-05,198,240,14,15,474,2
2209,EQ-01,2020-07-06,434,480,25,19,1523,10
2210,EQ-02,2020-07-06,411,480,27,18,1269,12
2211,EQ-03,2020-07-06,465,480,37,21,1485,8
2212,EQ-04,2020-07-06,469,480,42,20,1193,23
2213,EQ-01,2020-07-07,460,480,19,22,1123,9
2214,EQ-02,2020-07-07,431,480,12,23,1196,9
2215,EQ-03,2020-07-07,434,480,11,21,1093,6
2216,EQ-04,2020-07-07,428,480,36,24,1648,12
2217,EQ-01,2020-07-08,408,480,31,28,1490,6
2218,EQ-02,2020-07-08,445,480,37,16,1311,8
2219,EQ-03,2020-07-08,414,480,33,23,1359,18
2220,EQ-04,2020-07-08,411,480,30,16,1186,6
2221,EQ-01,2020-07-09,380,480,13,25,1217,14
2222,EQ-02,2020-07-09,440,480,27,18,1441,10
2223,EQ-03,2020-07-09,412,480,41,26,1342,14
2224,EQ-04,2020-07-09,394,480,16,15,1699,22
2225,EQ-01,2020-07-10,396,480,31,26,1370,23
2226,EQ-02,2020-07-10,447,480,33,22,1665,13
2227,EQ-03,2020-07-10,406,480,34,17,1108,9
2228,EQ-04,2020-07-10,460,480,17,16,1600,25
2229,EQ-01,2020-07-11,192,240,11,15,530,5
2230,EQ-02,2020-07-11,186,240,7,15,591,6
2231,EQ-03,2020-07-11,219,240,15,15,427,7
2232,EQ-04,2020-07-11,210,240,11,15,486,7
2233,EQ-01,2020-07-12,189,240,6,15,382,3
2234,EQ-02,2020-07-12,228,240,22,15,599,4
2235,EQ-03,2020-07-12,187,240,18,15,367,5
2236,EQ-04,2020-07-12,230,240,5,15,392,6
2237,EQ-01,2020-07-13,385,480,13,21,1407,20
2238,EQ-02,2020-07-13,467,480,44,17,1169,19
2239,EQ-03,2020-07-13,445,480,34,27,1410,24
2240,EQ-04,2020-07-13,414,480,23,20,1003,10
2241,EQ-01,2020-07-14,453,480,23,15,1525,19
2242,EQ-02,2020-07-14,444,480,43,23,1310,12
2243,EQ-03,2020-07-14,417,480,27,18,1175,12
2244,EQ-04,2020-07-14,385,480,44,22,1298,6
2245,EQ-01,2020-07-15,461,480,19,23,1136,13
2246,EQ-02,2020-07-15,386,480,25,21,1547,8
2247,EQ-03,2020-07-15,380,480,32,26,1332,7
2248,EQ-04,2020-07-15,470,480,45,23,1136,18
2249,EQ-01,2020-07-16,458,480,28,25,1058,25
2250,EQ-02,2020-07-16,381,480,32,22,1286,10
2251,EQ-03,2020-07-16,412,480,11,18,1391,25
2252,EQ-04,2020-07-16,412,480,45,21,1452,12
2253,EQ-01,2020-07-17,421,480,27,21,1595,25
2254,EQ-02,2020-07-17,430,480,19,29,1237,18
2255,EQ-03,2020-07-17,427,480,19,30,1095,20
2256,EQ-04,2020-07-17,403,480,39,20,1180,11
2257,EQ-01,2020-07-18,216,240,20,15,591,7
2258,EQ-02,2020-07-18,191,240,25,15,422,2
2259,EQ-03,2020-07-18,199,240,10,15,576,3
2260,EQ-04,2020-07-18,205,240,24,15,398,2
2261,EQ-01,2020-07-19,189,240,7,15,459,3
2262,EQ-02,2020-07-19,209,240,25,15,598,5
2263,EQ-03,2020-07-19,186,240,21,15,385,7
2264,EQ-04,2020-07-19,228,240,5,15,504,2
2265,EQ-01,2020-07-20,428,480,34,15,1112,5
2266,EQ-02,2020-07-20,462,480,12,19,1254,7
2267,EQ-03,2020-07-20,414,480,19,15,1009,8
2268,EQ-04,2020-07-20,449,480,31,17,1207,9
2269,EQ-01,2020-07-21,441,480,38,20,1314,15
2270,EQ-02,2020-07-21,441,480,19,22,1057,22
2271,EQ-03,2020-07-21,468,480,27,18,1021,6
2272,EQ-04,2020-07-21,393,480,44,24,1105,21
2273,EQ-01,2020-07-22,433,480,19,15,1229,5
2274,EQ-02,2020-07-22,463,480,28,22,1700,17
2275,EQ-03,2020-07-22,442,480,20,18,1229,8
2276,EQ-04,2020-07-22,458,480,31,18,1369,7
2277,EQ-01,2020-07-23,434,480,43,25,1614,10
2278,EQ-02,2020-07-23,466,480,37,19,1683,14
2279,EQ-03,2020-07-23,459,480,28,26,1106,13
2280,EQ-04,2020-07-23,443,480,33,23,1078,5
2281,EQ-01,2020-07-24,399,480,19,25,1151,17
2282,EQ-02,2020-07-24,437,480,40,17,1115,23
2283,EQ-03,2020-07-24,434,480,27,19,1092,15
2284,EQ-04,2020-07-24,396,480,21,27,1361,15
2285,EQ-01,2020-07-25,211,240,18,15,473,7
2286,EQ-02,2020-07-25,206,240,24,15,553,7
2287,EQ-03,2020-07-25,201,240,9,15,555,7
2288,EQ-04,2020-07-25,195,240,17,15,457,6
2289,EQ-01,2020-07-26,211,240,22,15,486,5
2290,EQ-02,2020-07-26,214,240,22,15,560,3
2291,EQ-03,2020-07-26,204,240,7,15,498,7
2292,EQ-04,2020-07-26,206,240,21,15,497,8
2293,EQ-01,2020-07-27,468,480,24,17,1240,16
2294,EQ-02,2020-07-27,380,480,23,15,1371,22
2295,EQ-03,2020-07-27,440,480,18,18,1061,16
2296,EQ-04,2020-07-27,426,480,18,24,1471,9
2297,EQ-01,2020-07-28,450,480,36,22,1215,12
2298,EQ-02,2020-07-28,387,480,18,18,1146,17
2299,EQ-03,2020-07-28,473,480,11,28,1380,6
2300,EQ-04,2020-07-28,469,480,16,17,1488,24
2301,EQ-01,2020-07-29,400,480,11,19,1374,9
2302,EQ-02,2020-07-29,390,480,25,17,1012,23
2303,EQ-03,2020-07-29,433,480,19,20,1481,9
2304,EQ-04,2020-07-29,475,480,43,24,1481,18
2305,EQ-01,2020-07-30,472,480,31,29,1660,5
2306,EQ-02,2020-07-30,416,480,17,19,1061,25
2307,EQ-03,2020-07-30,384,480,21,20,1011,17
2308,EQ-04,2020-07-30,434,480,39,23,1585,21
2309,EQ-01,2020-07-31,419,480,24,28,1160,13
2310,EQ-02,2020-07-31,391,480,43,27,1128,11
2311,EQ-03,2020-07-31,431,480,13,22,1401,10
2312,EQ-04,2020-07-31,475,480,45,17,1479,20
2313,EQ-01,2020-08-01,200,240,25,15,514,5
2314,EQ-02,2020-08-01,204,240,10,15,363,8
2315,EQ-03,2020-08-01,203,240,25,15,458,3
2316,EQ-04,2020-08-01,197,240,8,15,376,2
2317,EQ-01,2020-08-02,203,240,24,15,549,8
2318,EQ-02,2020-08-02,201,240,5,15,411,4
2319,EQ-03,2020-08-02,190,240,22,15,377,2
2320,EQ-04,2020-08-02,193,240,24,15,352,8
2321,EQ-01,2020-08-03,419,480,22,21,1653,6
2322,EQ-02,2020-08-03,452,480,12,30,1046,6
2323,EQ-03,2020-08-03,425,480,28,27,1512,11
2324,EQ-04,2020-08-03,396,480,16,25,1417,21
2325,EQ-01,2020-08-04,383,480,34,30,1600,6
2326,EQ-02,2020-08-04,417,480,20,19,1698,19
2327,EQ-03,2020-08-04,390,480,15,22,1220,25
2328,EQ-04,2020-08-04,398,480,20,25,1458,9
2329,EQ-01,2020-08-05,423,480,28,26,1638,18
2330,EQ-02,2020-08-05,385,480,34,22,1213,24
2331,EQ-03,2020-08-05,457,480,14,19,1580,25
2332,EQ-04,2020-08-05,443,480,16,15,1146,14
2333,EQ-01,2020-08-06,450,480,15,30,1096,19
2334,EQ-02,2020-08-06,420,480,20,24,1165,7
2335,EQ-03,2020-08-06,415,480,33,26,1091,7
2336,EQ-04,2020-08-06,402,480,39,23,1484,13
2337,EQ-01,2020-08-07,436,480,18,18,1582,20
2338,EQ-02,2020-08-07,385,480,33,24,1410,18
2339,EQ-03,2020-08-07,459,480,18,29,1375,21
2340,EQ-04,2020-08-07,459,480,30,26,1085,18
2341,EQ-01,2020-08-08,212,240,19,15,417,7
2342,EQ-02,2020-08-08,182,240,24,15,600,7
2343,EQ-03,2020-08-08,183,240,12,15,529,8
2344,EQ-04,2020-08-08,215,240,5,15,389,8
2345,EQ-01,2020-08-09,186,240,14,15,446,3
2346,EQ-02,2020-08-09,216,240,17,15,568,2
2347,EQ-03,2020-08-09,194,240,17,15,573,5
2348,EQ-04,2020-08-09,222,240,7,15,439,5
2349,EQ-01,2020-08-10,439,480,44,29,1111,7
2350,EQ-02,2020-08-10,403,480,16,27,1443,11
2351,EQ-03,2020-08-10,431,480,31,17,1324,15
2352,EQ-04,2020-08-10,457,480,41,21,1487,8
2353,EQ-01,2020-08-11,415,480,39,16,1558,9
2354,EQ-02,2020-08-11,440,480,19,21,1327,23
2355,EQ-03,2020-08-11,384,480,34,16,1370,18
2356,EQ-04,2020-08-11,440,480,23,16,1216,5
2357,EQ-01,2020-08-12,467,480,37,23,1258,25
2358,EQ-02,2020-08-12,431,480,15,24,1462,18
2359,EQ-03,2020-08-12,403,480,13,17,1438,15
2360,EQ-04,2020-08-12,424,480,36,30,1486,22
2361,EQ-01,2020-08-13,435,480,32,27,1010,22
2362,EQ-02,2020-08-13,456,480,22,17,1683,23
2363,EQ-03,2020-08-13,458,480,19,25,1680,15
2364,EQ-04,2020-08-13,381,480,19,29,1151,20
2365,EQ-01,2020-08-14,420,480,17,28,1269,21
2366,EQ-02,2020-08-14,472,480,10,29,1128,25
2367,EQ-03,2020-08-14,437,480,16,16,1223,11
2368,EQ-04,2020-08-14,433,480,44,20,1615,17
2369,EQ-01,2020-08-15,193,240,16,15,403,3
2370,EQ-02,2020-08-15,223,240,23,15,594,2
2371,EQ-03,2020-08-15,203,240,16,15,354,4
2372,EQ-04,2020-08-15,199,240,21,15,559,8
2373,EQ-01,2020-08-16,187,240,20,15,516,5
2374,EQ-02,2020-08-16,206,240,18,15,440,4
2375,EQ-03,2020-08-16,214,240,18,15,483,8
2376,EQ-04,2020-08-16,201,240,8,15,587,3
2377,EQ-01,2020-08-17,438,480,37,26,1181,22
2378,EQ-02,2020-08-17,456,480,20,28,1390,14
2379,EQ-03,2020-08-17,464,480,37,24,1635,8
2380,EQ-04,2020-08-17,391,480,16,17,1665,5
2381,EQ-01,2020-08-18,458,480,36,18,1508,24
2382,EQ-02,2020-08-18,449,480,16,29,1515,23
2383,EQ-03,2020-08-18,384,480,28,28,1216,12
2384,EQ-04,2020-08-18,438,480,45,27,1117,11
2385,EQ-01,2020-08-19,440,480,17,26,1475,18
2386,EQ-02,2020-08-19,462,480,35,15,1383,12
2387,EQ-03,2020-08-19,444,480,28,23,1674,13
2388,EQ-04,2020-08-19,419,480,36,22,1004,18
2389,EQ-01,2020-08-20,384,480,10,15,1157,16
2390,EQ-02,2020-08-20,446,480,30,25,1174,23
2391,EQ-03,2020-08-20,435,480,25,27,1197,24
2392,EQ-04,2020-08-20,462,480,35,16,1591,18
2393,EQ-01,2020-08-21,396,480,34,20,1412,15
2394,EQ-02,2020-08-21,446,480,20,28,1236,8
2395,EQ-03,2020-08-21,470,480,18,18,1646,23
2396,EQ-04,2020-08-21,430,480,26,20,1330,11
2397,EQ-01,2020-08-22,185,240,7,15,356,5
2398,EQ-02,2020-08-22,181,240,24,15,531,6
2399,EQ-03,2020-08-22,181,240,9,15,466,7
2400,EQ-04,2020-08-22,221,240,12,15,426,3
2401,EQ-01,2020-08-23,229,240,13,15,518,2
2402,EQ-02,2020-08-23,197,240,7,15,589,3
2403,EQ-03,2020-08-23,220,240,5,15,513,6
2404,EQ-04,2020-08-23,186,240,8,15,467,6
2405,EQ-01,2020-08-24,395,480,16,19,1289,13
2406,EQ-02,2020-08-24,403,480,15,17,1506,16
2407,EQ-03,2020-08-24,406,480,35,18,1502,5
2408,EQ-04,2020-08-24,432,480,14,30,1640,7
2409,EQ-01,2020-08-25,406,480,36,27,1321,25
2410,EQ-02,2020-08-25,437,480,20,20,1305,5
2411,EQ-03,2020-08-25,402,480,12,18,1351,16
2412,EQ-04,2020-08-25,441,480,44,15,1162,21
2413,EQ-01,2020-08-26,474,480,26,18,1197,24
2414,EQ-02,2020-08-26,383,480,44,15,1530,21
2415,EQ-03,2020-08-26,399,480,23,26,1117,11
2416,EQ-04,2020-08-26,383,480,30,19,1225,7
2417,EQ-01,2020-08-27,473,480,18,23,1280,20
2418,EQ-02,2020-08-27,405,480,15,26,1564,25
2419,EQ-03,2020-08-27,417,480,39,30,1446,21
2420,EQ-04,2020-08-27,431,480,22,23,1177,11
2421,EQ-01,2020-08-28,467,480,27,27,1105,23
2422,EQ-02,2020-08-28,455,480,29,20,1210,20
2423,EQ-03,2020-08-28,435,480,38,28,1610,13
2424,EQ-04,2020-08-28,420,480,16,27,1439,11
2425,EQ-01,2020-08-29,216,240,16,15,445,7
2426,EQ-02,2020-08-29,184,240,19,15,392,2
2427,EQ-03,2020-08-29,212,240,13,15,500,5
2428,EQ-04,2020-08-29,198,240,24,15,561,7
2429,EQ-01,2020-08-30,213,240,16,15,451,2
2430,EQ-02,2020-08-30,187,240,10,15,557,4
2431,EQ-03,2020-08-30,207,240,10,15,441,3
2432,EQ-04,2020-08-30,184,240,11,15,518,4
2433,EQ-01,2020-08-31,427,480,19,25,1125,5
2434,EQ-02,2020-08-31,420,480,10,25,1218,19
2435,EQ-03,2020-08-31,452,480,30,22,1575,7
2436,EQ-04,2020-08-31,429,480,28,21,1539,11
2437,EQ-01,2020-09-01,393,480,45,23,1622,7
2438,EQ-02,2020-09-01,453,480,36,28,1325,15
2439,EQ-03,2020-09-01,405,480,22,16,1505,20
2440,EQ-04,2020-09-01,385,480,27,28,1122,8
2441,EQ-01,2020-09-02,437,480,20,25,1605,17
2442,EQ-02,2020-09-02,410,480,11,24,1018,25
2443,EQ-03,2020-09-02,453,480,10,29,1291,9
2444,EQ-04,2020-09-02,431,480,12,16,1345,25
2445,EQ-01,2020-09-03,382,480,14,30,1097,18
2446,EQ-02,2020-09-03,424,480,35,17,1569,15
2447,EQ-03,2020-09-03,469,480,39,30,1656,8
2448,EQ-04,2020-09-03,383,480,24,16,1010,9
2449,EQ-01,2020-09-04,472,480,37,22,1174,7
2450,EQ-02,2020-09-04,404,480,33,15,1053,13
2451,EQ-03,2020-09-04,385,480,17,16,1311,7
2452,EQ-04,2020-09-04,413,480,31,27,1276,10
2453,EQ-01,2020-09-05,188,240,23,15,467,2
2454,EQ-02,2020-09-05,188,240,15,15,570,3
2455,EQ-03,2020-09-05,228,240,23,15,577,8
2456,EQ-04,2020-09-05,206,240,25,15,464,7
2457,EQ-01,2020-09-06,187,240,21,15,485,3
2458,EQ-02,2020-09-06,216,240,20,15,519,5
2459,EQ-03,2020-09-06,197,240,15,15,547,7
2460,EQ-04,2020-09-06,210,240,12,15,373,4
2461,EQ-01,2020-09-07,417,480,15,26,1571,12
2462,EQ-02,2020-09-07,464,480,23,17,1076,20
2463,EQ-03,2020-09-07,387,480,23,15,1686,11
2464,EQ-04,2020-09-07,439,480,34,21,1499,8
2465,EQ-01,2020-09-08,423,480,23,25,1319,19
2466,EQ-02,2020-09-08,463,480,19,18,1133,12
2467,EQ-03,2020-09-08,426,480,34,29,1635,21
2468,EQ-04,2020-09-08,405,480,35,21,1070,13
2469,EQ-01,2020-09-09,434,480,20,24,1591,25
2470,EQ-02,2020-09-09,393,480,19,29,1109,8
2471,EQ-03,2020-09-09,410,480,11,29,1191,13
2472,EQ-04,2020-09-09,383,480,40,29,1360,13
2473,EQ-01,2020-09-10,395,480,45,17,1362,18
2474,EQ-02,2020-09-10,407,480,19,27,1514,18
2475,EQ-03,2020-09-10,445,480,31,16,1451,13
2476,EQ-04,2020-09-10,427,480,16,16,1664,17
2477,EQ-01,2020-09-11,473,480,37,21,1301,11
2478,EQ-02,2020-09-11,431,480,21,23,1542,24
2479,EQ-03,2020-09-11,443,480,43,28,1111,6
2480,EQ-04,2020-09-11,462,480,25,18,1224,8
2481,EQ-01,2020-09-12,183,240,6,15,497,4
2482,EQ-02,2020-09-12,194,240,24,15,529,7
2483,EQ-03,2020-09-12,226,240,13,15,476,3
2484,EQ-04,2020-09-12,198,240,24,15,423,7
2485,EQ-01,2020-09-13,224,240,24,15,472,7
2486,EQ-02,2020-09-13,199,240,12,15,393,4
2487,EQ-03,2020-09-13,223,240,7,15,392,3
2488,EQ-04,2020-09-13,201,240,19,15,386,2
2489,EQ-01,2020-09-14,465,480,40,28,1342,5
2490,EQ-02,2020-09-14,402,480,26,17,1174,5
2491,EQ-03,2020-09-14,456,480,32,30,1597,5
2492,EQ-04,2020-09-14,442,480,25,30,1112,6
2493,EQ-01,2020-09-15,382,480,28,22,1537,21
2494,EQ-02,2020-09-15,401,480,19,18,1102,14
2495,EQ-03,2020-09-15,474,480,31,29,1502,16
2496,EQ-04,2020-09-15,449,480,26,30,1259,16
2497,EQ-01,2020-09-16,438,480,10,26,1308,15
2498,EQ-02,2020-09-16,446,480,40,18,1276,21
2499,EQ-03,2020-09-16,473,480,11,19,1420,12
2500,EQ-04,2020-09-16,464,480,19,26,1509,5
2501,EQ-01,2020-09-17,411,480,37,26,1211,7
2502,EQ-02,2020-09-17,404,480,34,18,1280,25
2503,EQ-03,2020-09-17,466,480,44,29,1539,10
2504,EQ-04,2020-09-17,413,480,32,25,1400,23
2505,EQ-01,2020-09-18,433,480,27,24,1195,6
2506,EQ-02,2020-09-18,454,480,43,25,1627,8
2507,EQ-03,2020-09-18,435,480,39,26,1295,8
2508,EQ-04,2020-09-18,381,480,41,19,1477,9
2509,EQ-01,2020-09-19,213,240,14,15,509,6
2510,EQ-02,2020-09-19,222,240,10,15,427,5
2511,EQ-03,2020-09-19,198,240,7,15,554,4
2512,EQ-04,2020-09-19,180,240,19,15,360,3
2513,EQ-01,2020-09-20,198,240,23,15,381,2
2514,EQ-02,2020-09-20,211,240,14,15,351,5
2515,EQ-03,2020-09-20,202,240,5,15,362,4
2516,EQ-04,2020-09-20,188,240,16,15,574,4
2517,EQ-01,2020-09-21,444,480,45,19,1088,13
2518,EQ-02,2020-09-21,398,480,22,28,1599,7
2519,EQ-03,2020-09-21,417,480,24,16,1484,16
2520,EQ-04,2020-09-21,411,480,34,28,1408,8
2521,EQ-01,2020-09-22,413,480,29,24,1177,23
2522,EQ-02,2020-09-22,397,480,22,23,1138,18
2523,EQ-03,2020-09-22,418,480,39,20,1384,18
2524,EQ-04,2020-09-22,444,480,32,29,1362,18
2525,EQ-01,2020-09-23,383,480,45,15,1431,7
2526,EQ-02,2020-09-23,397,480,29,22,1594,21
2527,EQ-03,2020-09-23,427,480,18,24,1054,17
2528,EQ-04,2020-09-23,396,480,35,15,1473,21
2529,EQ-01,2020-09-24,438,480,13,17,1056,13
2530,EQ-02,2020-09-24,463,480,16,25,1608,8
2531,EQ-03,2020-09-24,417,480,40,25,1062,8
2532,EQ-04,2020-09-24,474,480,42,16,1209,21
2533,EQ-01,2020-09-25,398,480,45,30,1139,12
2534,EQ-02,2020-09-25,466,480,19,24,1643,14
2535,EQ-03,2020-09-25,472,480,10,30,1638,11
2536,EQ-04,2020-09-25,394,480,14,15,1156,24
2537,EQ-01,2020-09-26,187,240,21,15,374,3
2538,EQ-02,2020-09-26,193,240,8,15,471,2
2539,EQ-03,2020-09-26,212,240,19,15,450,2
2540,EQ-04,2020-09-26,187,240,14,15,453,5
2541,EQ-01,2020-09-27,191,240,12,15,565,8
2542,EQ-02,2020-09-27,214,240,13,15,560,6
2543,EQ-03,2020-09-27,223,240,19,15,569,7
2544,EQ-04,2020-09-27,219,240,8,15,460,3
2545,EQ-01,2020-09-28,461,480,11,20,1145,12
2546,EQ-02,2020-09-28,401,480,42,21,1487,20
2547,EQ-03,2020-09-28,417,480,28,18,1602,20
2548,EQ-04,2020-09-28,427,480,27,27,1395,8
2549,EQ-01,2020-09-29,439,480,36,28,1151,5
2550,EQ-02,2020-09-29,416,480,39,18,1577,17
2551,EQ-03,2020-09-29,381,480,29,16,1660,25
2552,EQ-04,2020-09-29,464,480,38,16,1363,9
2553,EQ-01,2020-09-30,439,480,39,23,1009,10
2554,EQ-02,2020-09-30,425,480,42,21,1357,21
2555,EQ-03,2020-09-30,429,480,42,17,1178,25
2556,EQ-04,2020-09-30,399,480,32,25,1470,9
2557,EQ-01,2020-10-01,415,480,29,27,1069,25
2558,EQ-02,2020-10-01,441,480,34,30,1620,10
2559,EQ-03,2020-10-01,453,480,42,23,1132,15
2560,EQ-04,2020-10-01,455,480,32,27,1069,6
2561,EQ-01,2020-10-02,383,480,20,22,1098,8
2562,EQ-02,2020-10-02,443,480,40,25,1237,12
2563,EQ-03,2020-10-02,393,480,21,27,1430,7
2564,EQ-04,2020-10-02,387,480,26,18,1038,7
2565,EQ-01,2020-10-03,208,240,16,15,505,7
2566,EQ-02,2020-10-03,186,240,19,15,446,3
2567,EQ-03,2020-10-03,192,240,13,15,475,5
2568,EQ-04,2020-10-03,190,240,18,15,558,6
2569,EQ-01,2020-10-04,181,240,25,15,595,7
2570,EQ-02,2020-10-04,186,240,11,15,358,8
2571,EQ-03,2020-10-04,188,240,5,15,442,8
2572,EQ-04,2020-10-04,206,240,23,15,489,8
2573,EQ-01,2020-10-05,389,480,31,20,1698,25
2574,EQ-02,2020-10-05,447,480,41,21,1212,23
2575,EQ-03,2020-10-05,440,480,42,26,1365,24
2576,EQ-04,2020-10-05,451,480,18,17,1449,18
2577,EQ-01,2020-10-06,460,480,34,17,1582,7
2578,EQ-02,2020-10-06,396,480,43,24,1103,8
2579,EQ-03,2020-10-06,443,480,24,16,1615,22
2580,EQ-04,2020-10-06,422,480,11,22,1296,13
2581,EQ-01,2020-10-07,429,480,32,17,1161,14
2582,EQ-02,2020-10-07,389,480,44,22,1530,24
2583,EQ-03,2020-10-07,444,480,29,27,1633,6
2584,EQ-04,2020-10-07,449,480,17,30,1269,25
2585,EQ-01,2020-10-08,383,480,12,25,1431,13
2586,EQ-02,2020-10-08,405,480,31,16,1142,11
2587,EQ-03,2020-10-08,450,480,31,16,1241,20
2588,EQ-04,2020-10-08,389,480,12,26,1072,18
2589,EQ-01,2020-10-09,456,480,15,30,1132,13
2590,EQ-02,2020-10-09,472,480,12,18,1036,20
2591,EQ-03,2020-10-09,444,480,24,26,1441,20
2592,EQ-04,2020-10-09,418,480,24,15,1056,5
2593,EQ-01,2020-10-10,229,240,11,15,486,6
2594,EQ-02,2020-10-10,204,240,5,15,491,5
2595,EQ-03,2020-10-10,183,240,17,15,546,5
2596,EQ-04,2020-10-10,224,240,9,15,460,7
2597,EQ-01,2020-10-11,207,240,22,15,385,2
2598,EQ-02,2020-10-11,208,240,8,15,579,6
2599,EQ-03,2020-10-11,203,240,16,15,399,4
2600,EQ-04,2020-10-11,207,240,6,15,410,3
2601,EQ-01,2020-10-12,391,480,10,22,1422,22
2602,EQ-02,2020-10-12,472,480,25,16,1078,6
2603,EQ-03,2020-10-12,420,480,32,22,1299,9
2604,EQ-04,2020-10-12,464,480,14,17,1256,22
2605,EQ-01,2020-10-13,425,480,24,29,1309,16
2606,EQ-02,2020-10-13,450,480,28,22,1539,13
2607,EQ-03,2020-10-13,420,480,44,18,1055,16
2608,EQ-04,2020-10-13,432,480,41,23,1080,11
2609,EQ-01,2020-10-14,397,480,43,22,1312,22
2610,EQ-02,2020-10-14,406,480,17,26,1145,6
2611,EQ-03,2020-10-14,410,480,38,29,1116,5
2612,EQ-04,2020-10-14,443,480,12,23,1284,23
2613,EQ-01,2020-10-15,429,480,29,17,1061,13
2614,EQ-02,2020-10-15,458,480,34,30,1019,17
2615,EQ-03,2020-10-15,429,480,38,16,1229,11
2616,EQ-04,2020-10-15,428,480,21,28,1545,6
2617,EQ-01,2020-10-16,464,480,29,16,1554,16
2618,EQ-02,2020-10-16,383,480,31,23,1605,11
2619,EQ-03,2020-10-16,383,480,31,28,1437,6
2620,EQ-04,2020-10-16,393,480,45,27,1694,14
2621,EQ-01,2020-10-17,214,240,19,15,458,6
2622,EQ-02,2020-10-17,226,240,23,15,546,6
2623,EQ-03,2020-10-17,196,240,10,15,595,5
2624,EQ-04,2020-10-17,209,240,12,15,383,2
2625,EQ-01,2020-10-18,197,240,13,15,371,3
2626,EQ-02,2020-10-18,229,240,22,15,425,4
2627,EQ-03,2020-10-18,216,240,17,15,359,6
2628,EQ-04,2020-10-18,197,240,16,15,418,7
2629,EQ-01,2020-10-19,412,480,10,18,1314,23
2630,EQ-02,2020-10-19,464,480,30,23,1183,19
2631,EQ-03,2020-10-19,439,480,11,29,1009,19
2632,EQ-04,2020-10-19,384,480,32,30,1653,22
2633,EQ-01,2020-10-20,407,480,36,16,1593,7
2634,EQ-02,2020-10-20,415,480,45,25,1065,19
2635,EQ-03,2020-10-20,403,480,26,23,1265,20
2636,EQ-04,2020-10-20,396,480,24,20,1150,24
2637,EQ-01,2020-10-21,463,480,13,22,1117,25
2638,EQ-02,2020-10-21,384,480,21,29,1593,15
2639,EQ-03,2020-10-21,385,480,45,22,1062,13
2640,EQ-04,2020-10-21,412,480,11,26,1553,6
2641,EQ-01,2020-10-22,456,480,25,26,1111,7
2642,EQ-02,2020-10-22,410,480,23,25,1584,16
2643,EQ-03,2020-10-22,462,480,37,24,1146,5
2644,EQ-04,2020-10-22,432,480,33,30,1301,24
2645,EQ-01,2020-10-23,399,480,11,18,1623,11
2646,EQ-02,2020-10-23,420,480,42,26,1220,17
2647,EQ-03,2020-10-23,454,480,12,19,1390,25
2648,EQ-04,2020-10-23,390,480,14,22,1578,21
2649,EQ-01,2020-10-24,216,240,25,15,490,7
2650,EQ-02,2020-10-24,206,240,22,15,537,2
2651,EQ-03,2020-10-24,213,240,6,15,505,5
2652,EQ-04,2020-10-24,222,240,21,15,483,5
2653,EQ-01,2020-10-25,200,240,13,15,399,8
2654,EQ-02,2020-10-25,216,240,14,15,583,3
2655,EQ-03,2020-10-25,201,240,12,15,554,8
2656,EQ-04,2020-10-25,203,240,12,15,466,4
2657,EQ-01,2020-10-26,475,480,17,22,1455,18
2658,EQ-02,2020-10-26,426,480,15,26,1573,21
2659,EQ-03,2020-10-26,389,480,33,30,1619,12
2660,EQ-04,2020-10-26,437,480,36,22,1583,9
2661,EQ-01,2020-10-27,448,480,25,28,1690,23
2662,EQ-02,2020-10-27,465,480,18,23,1293,15
2663,EQ-03,2020-10-27,420,480,17,17,1418,18
2664,EQ-04,2020-10-27,444,480,19,30,1647,11
2665,EQ-01,2020-10-28,403,480,39,15,1170,8
2666,EQ-02,2020-10-28,433,480,26,30,1103,9
2667,EQ-03,2020-10-28,384,480,37,15,1170,7
2668,EQ-04,2020-10-28,396,480,42,27,1432,16
2669,EQ-01,2020-10-29,396,480,35,22,1300,8
2670,EQ-02,2020-10-29,423,480,31,18,1046,7
2671,EQ-03,2020-10-29,474,480,32,29,1418,25
2672,EQ-04,2020-10-29,437,480,37,24,1488,9
2673,EQ-01,2020-10-30,473,480,21,17,1155,5
2674,EQ-02,2020-10-30,455,480,33,29,1388,15
2675,EQ-03,2020-10-30,436,480,21,23,1099,12
2676,EQ-04,2020-10-30,418,480,41,25,1049,23
2677,EQ-01,2020-10-31,213,240,21,15,498,6
2678,EQ-02,2020-10-31,207,240,14,15,432,5
2679,EQ-03,2020-10-31,200,240,10,15,594,3
2680,EQ-04,2020-10-31,182,240,11,15,460,6
2681,EQ-01,2020-11-01,197,240,23,15,575,6
2682,EQ-02,2020-11-01,200,240,8,15,438,4
2683,EQ-03,2020-11-01,190,240,8,15,423,4
2684,EQ-04,2020-11-01,211,240,19,15,407,3
2685,EQ-01,2020-11-02,416,480,26,18,1237,13
2686,EQ-02,2020-11-02,398,480,16,21,1565,21
2687,EQ-03,2020-11-02,401,480,11,16,1552,22
2688,EQ-04,2020-11-02,404,480,10,30,1026,16
2689,EQ-01,2020-11-03,406,480,28,28,1455,21
2690,EQ-02,2020-11-03,394,480,17,29,1442,20
2691,EQ-03,2020-11-03,473,480,17,26,1080,12
2692,EQ-04,2020-11-03,422,480,27,29,1645,21
2693,EQ-01,2020-11-04,420,480,12,28,1102,21
2694,EQ-02,2020-11-04,420,480,22,16,1649,25
2695,EQ-03,2020-11-04,381,480,25,19,1600,17
2696,EQ-04,2020-11-04,408,480,22,23,1481,9
2697,EQ-01,2020-11-05,442,480,21,30,1289,9
2698,EQ-02,2020-11-05,405,480,15,21,1003,18
2699,EQ-03,2020-11-05,388,480,41,21,1182,6
2700,EQ-04,2020-11-05,433,480,26,27,1646,23
2701,EQ-01,2020-11-06,410,480,32,30,1543,10
2702,EQ-02,2020-11-06,418,480,24,24,1684,20
2703,EQ-03,2020-11-06,442,480,35,26,1556,20
2704,EQ-04,2020-11-06,417,480,16,22,1115,14
2705,EQ-01,2020-11-07,206,240,19,15,433,3
2706,EQ-02,2020-11-07,222,240,18,15,379,3
2707,EQ-03,2020-11-07,209,240,15,15,519,2
2708,EQ-04,2020-11-07,202,240,17,15,530,3
2709,EQ-01,2020-11-08,229,240,20,15,565,8
2710,EQ-02,2020-11-08,211,240,24,15,455,7
2711,EQ-03,2020-11-08,195,240,5,15,424,4
2712,EQ-04,2020-11-08,212,240,11,15,577,8
2713,EQ-01,2020-11-09,432,480,13,25,1267,15
2714,EQ-02,2020-11-09,432,480,35,29,1435,17
2715,EQ-03,2020-11-09,413,480,13,23,1497,12
2716,EQ-04,2020-11-09,423,480,12,24,1458,18
2717,EQ-01,2020-11-10,408,480,20,21,1640,8
2718,EQ-02,2020-11-10,458,480,31,19,1619,22
2719,EQ-03,2020-11-10,382,480,11,27,1092,15
2720,EQ-04,2020-11-10,425,480,45,17,1670,6
2721,EQ-01,2020-11-11,446,480,23,26,1548,11
2722,EQ-02,2020-11-11,400,480,44,27,1234,14
2723,EQ-03,2020-11-11,400,480,33,25,1423,11
2724,EQ-04,2020-11-11,450,480,25,15,1036,5
2725,EQ-01,2020-11-12,447,480,16,27,1496,6
2726,EQ-02,2020-11-12,460,480,25,16,1278,8
2727,EQ-03,2020-11-12,396,480,27,17,1078,7
2728,EQ-04,2020-11-12,433,480,11,15,1554,24
2729,EQ-01,2020-11-13,430,480,22,24,1331,18
2730,EQ-02,2020-11-13,445,480,11,24,1280,19
2731,EQ-03,2020-11-13,405,480,16,23,1671,23
2732,EQ-04,2020-11-13,440,480,34,24,1439,7
2733,EQ-01,2020-11-14,194,240,18,15,493,4
2734,EQ-02,2020-11-14,210,240,14,15,582,7
2735,EQ-03,2020-11-14,214,240,21,15,412,5
2736,EQ-04,2020-11-14,181,240,20,15,536,5
2737,EQ-01,2020-11-15,203,240,22,15,532,2
2738,EQ-02,2020-11-15,208,240,12,15,497,2
2739,EQ-03,2020-11-15,205,240,12,15,464,4
2740,EQ-04,2020-11-15,210,240,23,15,377,7
2741,EQ-01,2020-11-16,419,480,31,19,1645,7
2742,EQ-02,2020-11-16,392,480,45,20,1212,20
2743,EQ-03,2020-11-16,455,480,25,17,1144,17
2744,EQ-04,2020-11-16,458,480,40,22,1060,20
2745,EQ-01,2020-11-17,412,480,36,24,1345,9
2746,EQ-02,2020-11-17,384,480,30,28,1005,13
2747,EQ-03,2020-11-17,468,480,23,30,1558,20
2748,EQ-04,2020-11-17,420,480,25,25,1472,20
2749,EQ-01,2020-11-18,445,480,45,17,1107,18
2750,EQ-02,2020-11-18,469,480,14,27,1130,5
2751,EQ-03,2020-11-18,400,480,43,18,1170,11
2752,EQ-04,2020-11-18,436,480,17,16,1434,20
2753,EQ-01,2020-11-19,401,480,43,30,1143,22
2754,EQ-02,2020-11-19,433,480,35,15,1303,8
2755,EQ-03,2020-11-19,435,480,28,23,1535,15
2756,EQ-04,2020-11-19,458,480,33,20,1144,14
2757,EQ-01,2020-11-20,446,480,23,26,1531,24
2758,EQ-02,2020-11-20,412,480,40,29,1215,15
2759,EQ-03,2020-11-20,475,480,18,20,1536,20
2760,EQ-04,2020-11-20,381,480,30,28,1183,9
2761,EQ-01,2020-11-21,210,240,7,15,600,2
2762,EQ-02,2020-11-21,199,240,11,15,401,7
2763,EQ-03,2020-11-21,186,240,22,15,467,4
2764,EQ-04,2020-11-21,186,240,6,15,509,5
2765,EQ-01,2020-11-22,218,240,10,15,367,4
2766,EQ-02,2020-11-22,220,240,5,15,587,3
2767,EQ-03,2020-11-22,217,240,14,15,444,6
2768,EQ-04,2020-11-22,214,240,25,15,518,3
2769,EQ-01,2020-11-23,415,480,21,23,1577,8
2770,EQ-02,2020-11-23,396,480,43,27,1338,23
2771,EQ-03,2020-11-23,455,480,27,30,1214,10
2772,EQ-04,2020-11-23,380,480,24,21,1093,24
2773,EQ-01,2020-11-24,398,480,19,20,1486,5
2774,EQ-02,2020-11-24,421,480,14,16,1140,21
2775,EQ-03,2020-11-24,436,480,37,30,1334,14
2776,EQ-04,2020-11-24,444,480,17,22,1573,17
2777,EQ-01,2020-11-25,428,480,34,30,1363,14
2778,EQ-02,2020-11-25,446,480,30,17,1619,11
2779,EQ-03,2020-11-25,401,480,27,19,1447,22
2780,EQ-04,2020-11-25,436,480,41,23,1123,22
2781,EQ-01,2020-11-26,435,480,32,20,1025,16
2782,EQ-02,2020-11-26,439,480,32,28,1218,24
2783,EQ-03,2020-11-26,451,480,22,27,1383,10
2784,EQ-04,2020-11-26,475,480,10,21,1452,16
2785,EQ-01,2020-11-27,447,480,22,15,1600,14
2786,EQ-02,2020-11-27,422,480,16,26,1259,21
2787,EQ-03,2020-11-27,381,480,27,16,1662,13
2788,EQ-04,2020-11-27,462,480,40,27,1044,13
2789,EQ-01,2020-11-28,197,240,25,15,364,6
2790,EQ-02,2020-11-28,181,240,20,15,505,7
2791,EQ-03,2020-11-28,209,240,20,15,394,5
2792,EQ-04,2020-11-28,227,240,25,15,542,6
2793,EQ-01,2020-11-29,186,240,6,15,444,2
2794,EQ-02,2020-11-29,219,240,9,15,530,7
2795,EQ-03,2020-11-29,191,240,9,15,371,5
2796,EQ-04,2020-11-29,187,240,6,15,463,7
2797,EQ-01,2020-11-30,470,480,13,25,1099,22
2798,EQ-02,2020-11-30,415,480,22,15,1340,15
2799,EQ-03,2020-11-30,470,480,20,26,1528,5
2800,EQ-04,2020-11-30,465,480,35,28,1683,6
2801,EQ-01,2020-12-01,388,480,22,19,1273,7
2802,EQ-02,2020-12-01,402,480,38,16,1282,24
2803,EQ-03,2020-12-01,405,480,42,28,1177,25
2804,EQ-04,2020-12-01,475,480,10,24,1280,22
2805,EQ-01,2020-12-02,424,480,17,25,1477,23
2806,EQ-02,2020-12-02,469,480,15,29,1090,8
2807,EQ-03,2020-12-02,391,480,21,17,1190,15
2808,EQ-04,2020-12-02,455,480,11,20,1010,11
2809,EQ-01,2020-12-03,461,480,33,29,1083,12
2810,EQ-02,2020-12-03,404,480,18,24,1054,17
2811,EQ-03,2020-12-03,452,480,30,28,1231,11
2812,EQ-04,2020-12-03,413,480,38,23,1094,20
2813,EQ-01,2020-12-04,462,480,43,29,1646,10
2814,EQ-02,2020-12-04,384,480,34,19,1550,23
2815,EQ-03,2020-12-04,406,480,37,26,1661,14
2816,EQ-04,2020-12-04,406,480,31,23,1092,21
2817,EQ-01,2020-12-05,229,240,11,15,416,3
2818,EQ-02,2020-12-05,209,240,13,15,358,2
2819,EQ-03,2020-12-05,213,240,25,15,397,5
2820,EQ-04,2020-12-05,188,240,19,15,500,4
2821,EQ-01,2020-12-06,203,240,23,15,446,7
2822,EQ-02,2020-12-06,217,240,6,15,432,7
2823,EQ-03,2020-12-06,186,240,25,15,441,8
2824,EQ-04,2020-12-06,180,240,10,15,457,5
2825,EQ-01,2020-12-07,422,480,31,18,1191,16
2826,EQ-02,2020-12-07,419,480,20,29,1559,10
2827,EQ-03,2020-12-07,382,480,38,29,1607,23
2828,EQ-04,2020-12-07,468,480,37,27,1484,12
2829,EQ-01,2020-12-08,412,480,33,25,1494,17
2830,EQ-02,2020-12-08,418,480,12,22,1519,8
2831,EQ-03,2020-12-08,433,480,37,23,1591,17
2832,EQ-04,2020-12-08,455,480,11,20,1524,10
2833,EQ-01,2020-12-09,418,480,43,21,1581,9
2834,EQ-02,2020-12-09,396,480,31,16,1092,14
2835,EQ-03,2020-12-09,398,480,32,29,1405,10
2836,EQ-04,2020-12-09,438,480,10,19,1205,10
2837,EQ-01,2020-12-10,418,480,29,17,1189,12
2838,EQ-02,2020-12-10,406,480,37,17,1250,9
2839,EQ-03,2020-12-10,467,480,45,26,1005,20
2840,EQ-04,2020-12-10,400,480,32,18,1482,22
2841,EQ-01,2020-12-11,467,480,35,21,1483,17
2842,EQ-02,2020-12-11,439,480,25,18,1396,9
2843,EQ-03,2020-12-11,420,480,18,27,1334,14
2844,EQ-04,2020-12-11,466,480,37,27,1546,7
2845,EQ-01,2020-12-12,202,240,20,15,521,7
2846,EQ-02,2020-12-12,218,240,10,15,546,3
2847,EQ-03,2020-12-12,180,240,24,15,503,8
2848,EQ-04,2020-12-12,188,240,20,15,398,2
2849,EQ-01,2020-12-13,204,240,25,15,396,5
2850,EQ-02,2020-12-13,189,240,14,15,429,5
2851,EQ-03,2020-12-13,223,240,20,15,358,4
2852,EQ-04,2020-12-13,206,240,10,15,391,5
2853,EQ-01,2020-12-14,467,480,43,18,1476,7
2854,EQ-02,2020-12-14,424,480,16,27,1012,10
2855,EQ-03,2020-12-14,420,480,18,27,1465,5
2856,EQ-04,2020-12-14,442,480,35,28,1055,14
2857,EQ-01,2020-12-15,434,480,26,18,1618,19
2858,EQ-02,2020-12-15,444,480,33,30,1343,22
2859,EQ-03,2020-12-15,426,480,17,20,1434,22
2860,EQ-04,2020-12-15,429,480,15,19,1007,15
2861,EQ-01,2020-12-16,470,480,26,21,1527,24
2862,EQ-02,2020-12-16,473,480,39,28,1049,19
2863,EQ-03,2020-12-16,416,480,12,18,1501,19
2864,EQ-04,2020-12-16,426,480,13,26,1258,18
2865,EQ-01,2020-12-17,423,480,28,15,1555,13
2866,EQ-02,2020-12-17,402,480,28,26,1427,5
2867,EQ-03,2020-12-17,437,480,30,24,1651,6
2868,EQ-04,2020-12-17,456,480,17,26,1037,22
2869,EQ-01,2020-12-18,474,480,35,22,1179,7
2870,EQ-02,2020-12-18,448,480,16,19,1148,25
2871,EQ-03,2020-12-18,443,480,37,23,1353,19
2872,EQ-04,2020-12-18,468,480,25,29,1041,7
2873,EQ-01,2020-12-19,200,240,16,15,359,3
2874,EQ-02,2020-12-19,218,240,25,15,557,2
2875,EQ-03,2020-12-19,204,240,21,15,600,7
2876,EQ-04,2020-12-19,185,240,15,15,587,7
2877,EQ-01,2020-12-20,227,240,14,15,458,5
2878,EQ-02,2020-12-20,181,240,10,15,593,7
2879,EQ-03,2020-12-20,196,240,25,15,540,2
2880,EQ-04,2020-12-20,207,240,8,15,553,3
2881,EQ-01,2020-12-21,453,480,26,24,1630,21
2882,EQ-02,2020-12-21,449,480,25,16,1383,23
2883,EQ-03,2020-12-21,440,480,23,28,1281,10
2884,EQ-04,2020-12-21,415,480,42,16,1619,17
2885,EQ-01,2020-12-22,403,480,28,23,1005,18
2886,EQ-02,2020-12-22,415,480,27,29,1613,25
2887,EQ-03,2020-12-22,470,480,30,22,1065,24
2888,EQ-04,2020-12-22,455,480,36,25,1554,17
2889,EQ-01,2020-12-23,423,480,30,26,1455,9
2890,EQ-02,2020-12-23,439,480,41,21,1545,10
2891,EQ-03,2020-12-23,466,480,34,23,1412,6
2892,EQ-04,2020-12-23,464,480,15,30,1574,16
2893,EQ-01,2020-12-24,390,480,23,26,1311,14
2894,EQ-02,2020-12-24,420,480,38,29,1030,9
2895,EQ-03,2020-12-24,459,480,20,26,1578,18
2896,EQ-04,2020-12-24,433,480,11,24,1569,20
2897,EQ-01,2020-12-25,410,480,34,19,1387,24
2898,EQ-02,2020-12-25,395,480,16,27,1223,11
2899,EQ-03,2020-12-25,394,480,28,20,1162,17
2900,EQ-04,2020-12-25,450,480,36,26,1222,18
2901,EQ-01,2020-12-26,218,240,13,15,431,8
2902,EQ-02,2020-12-26,203,240,25,15,377,7
2903,EQ-03,2020-12-26,223,240,25,15,545,7
2904,EQ-04,2020-12-26,200,240,21,15,487,6
2905,EQ-01,2020-12-27,205,240,12,15,569,5
2906,EQ-02,2020-12-27,211,240,19,15,423,8
2907,EQ-03,2020-12-27,208,240,10,15,586,8
2908,EQ-04,2020-12-27,191,240,17,15,423,2
2909,EQ-01,2020-12-28,448,480,31,29,1671,10
2910,EQ-02,2020-12-28,467,480,16,27,1594,25
2911,EQ-03,2020-12-28,433,480,36,28,1193,25
2912,EQ-04,2020-12-28,383,480,24,19,1624,24
2913,EQ-01,2020-12-29,444,480,15,28,1023,15
2914,EQ-02,2020-12-29,458,480,25,20,1582,25
2915,EQ-03,2020-12-29,440,480,15,26,1023,24
2916,EQ-04,2020-12-29,463,480,34,21,1165,19
2917,EQ-01,2020-12-30,427,480,25,20,1483,11
2918,EQ-02,2020-12-30,421,480,18,24,1066,5
2919,EQ-03,2020-12-30,406,480,39,29,1250,24
2920,EQ-04,2020-12-30,436,480,25,20,1472,21
2921,EQ-01,2020-12-31,462,480,17,25,1163,12
2922,EQ-02,2020-12-31,439,480,14,15,1033,18
2923,EQ-03,2020-12-31,446,480,40,27,1072,18
2924,EQ-04,2020-12-31,413,480,44,18,1621,25
2925,EQ-01,2021-01-01,448,480,11,29,1492,6
2926,EQ-02,2021-01-01,417,480,35,16,1372,17
2927,EQ-03,2021-01-01,471,480,42,29,1438,8
2928,EQ-04,2021-01-01,393,480,19,23,1593,8
2929,EQ-01,2021-01-02,226,240,10,15,443,5
2930,EQ-02,2021-01-02,222,240,15,15,386,3
2931,EQ-03,2021-01-02,230,240,20,15,403,4
2932,EQ-04,2021-01-02,186,240,15,15,514,7
2933,EQ-01,2021-01-03,184,240,19,15,580,7
2934,EQ-02,2021-01-03,201,240,14,15,526,5
2935,EQ-03,2021-01-03,216,240,13,15,502,2
2936,EQ-04,2021-01-03,181,240,12,15,575,4
2937,EQ-01,2021-01-04,471,480,20,24,1486,19
2938,EQ-02,2021-01-04,466,480,28,19,1131,9
2939,EQ-03,2021-01-04,457,480,28,27,1263,25
2940,EQ-04,2021-01-04,409,480,11,21,1597,14
2941,EQ-01,2021-01-05,398,480,10,23,1372,21
2942,EQ-02,2021-01-05,475,480,43,27,1488,24
2943,EQ-03,2021-01-05,401,480,32,19,1601,21
2944,EQ-04,2021-01-05,420,480,43,26,1387,20
2945,EQ-01,2021-01-06,462,480,20,30,1179,20
2946,EQ-02,2021-01-06,428,480,10,17,1350,12
2947,EQ-03,2021-01-06,419,480,23,22,1153,13
2948,EQ-04,2021-01-06,457,480,17,21,1365,20
2949,EQ-01,2021-01-07,438,480,10,22,1207,16
2950,EQ-02,2021-01-07,465,480,12,27,1641,8
2951,EQ-03,2021-01-07,422,480,42,17,1277,22
2952,EQ-04,2021-01-07,448,480,44,17,1057,19
2953,EQ-01,2021-01-08,452,480,43,22,1250,13
2954,EQ-02,2021-01-08,474,480,21,22,1233,19
2955,EQ-03,2021-01-08,402,480,12,23,1565,13
2956,EQ-04,2021-01-08,391,480,22,17,1135,21
2957,EQ-01,2021-01-09,199,240,6,15,403,3
2958,EQ-02,2021-01-09,195,240,23,15,544,6
2959,EQ-03,2021-01-09,210,240,19,15,375,6
2960,EQ-04,2021-01-09,230,240,6,15,431,8
2961,EQ-01,2021-01-10,220,240,7,15,400,5
2962,EQ-02,2021-01-10,187,240,19,15,371,5
2963,EQ-03,2021-01-10,192,240,8,15,488,6
2964,EQ-04,2021-01-10,193,240,24,15,474,4
2965,EQ-01,2021-01-11,452,480,10,28,1114,19
2966,EQ-02,2021-01-11,462,480,22,29,1000,13
2967,EQ-03,2021-01-11,432,480,27,30,1646,10
2968,EQ-04,2021-01-11,422,480,42,30,1526,14
2969,EQ-01,2021-01-12,462,480,29,23,1544,12
2970,EQ-02,2021-01-12,419,480,38,18,1186,20
2971,EQ-03,2021-01-12,440,480,41,20,1183,7
2972,EQ-04,2021-01-12,436,480,31,20,1198,8
2973,EQ-01,2021-01-13,419,480,30,30,1105,14
2974,EQ-02,2021-01-13,458,480,23,19,1331,10
2975,EQ-03,2021-01-13,404,480,35,20,1161,24
2976,EQ-04,2021-01-13,464,480,20,25,1528,20
2977,EQ-01,2021-01-14,463,480,36,23,1234,13
2978,EQ-02,2021-01-14,440,480,29,26,1148,14
2979,EQ-03,2021-01-14,422,480,32,25,1460,14
2980,EQ-04,2021-01-14,434,480,35,28,1005,17
2981,EQ-01,2021-01-15,387,480,36,26,1661,9
2982,EQ-02,2021-01-15,438,480,27,15,1207,11
2983,EQ-03,2021-01-15,464,480,26,24,1382,5
2984,EQ-04,2021-01-15,421,480,37,27,1333,22
2985,EQ-01,2021-01-16,215,240,11,15,554,3
2986,EQ-02,2021-01-16,219,240,21,15,462,8
2987,EQ-03,2021-01-16,197,240,8,15,369,3
2988,EQ-04,2021-01-16,190,240,15,15,535,5
2989,EQ-01,2021-01-17,226,240,23,15,470,2
2990,EQ-02,2021-01-17,229,240,17,15,526,7
2991,EQ-03,2021-01-17,211,240,12,15,421,6
2992,EQ-04,2021-01-17,217,240,17,15,365,2
2993,EQ-01,2021-01-18,387,480,31,23,1550,16
2994,EQ-02,2021-01-18,436,480,28,18,1483,9
2995,EQ-03,2021-01-18,475,480,14,25,1423,9
2996,EQ-04,2021-01-18,399,480,29,21,1575,7
2997,EQ-01,2021-01-19,436,480,25,25,1586,22
2998,EQ-02,2021-01-19,464,480,26,24,1022,9
2999,EQ-03,2021-01-19,388,480,30,26,1456,11
3000,EQ-04,2021-01-19,403,480,30,29,1233,19
3001,EQ-01,2021-01-20,426,480,31,21,1693,13
3002,EQ-02,2021-01-20,412,480,11,19,1122,25
3003,EQ-03,2021-01-20,432,480,37,27,1498,6
3004,EQ-04,2021-01-20,447,480,13,26,1016,23
3005,EQ-01,2021-01-21,435,480,12,25,1551,20
3006,EQ-02,2021-01-21,416,480,31,17,1077,23
3007,EQ-03,2021-01-21,391,480,45,18,1544,10
3008,EQ-04,2021-01-21,445,480,15,29,1624,25
3009,EQ-01,2021-01-22,404,480,14,28,1283,19
3010,EQ-02,2021-01-22,463,480,31,17,1186,25
3011,EQ-03,2021-01-22,382,480,35,24,1006,24
3012,EQ-04,2021-01-22,421,480,37,19,1265,12
3013,EQ-01,2021-01-23,209,240,25,15,520,3
3014,EQ-02,2021-01-23,229,240,23,15,586,4
3015,EQ-03,2021-01-23,225,240,23,15,389,3
3016,EQ-04,2021-01-23,229,240,9,15,402,4
3017,EQ-01,2021-01-24,191,240,8,15,356,6
3018,EQ-02,2021-01-24,218,240,6,15,549,3
3019,EQ-03,2021-01-24,214,240,16,15,594,2
3020,EQ-04,2021-01-24,200,240,15,15,587,3
3021,EQ-01,2021-01-25,464,480,23,21,1310,10
3022,EQ-02,2021-01-25,434,480,27,22,1222,16
3023,EQ-03,2021-01-25,383,480,18,29,1126,17
3024,EQ-04,2021-01-25,383,480,38,21,1389,6
3025,EQ-01,2021-01-26,437,480,38,27,1203,11
3026,EQ-02,2021-01-26,428,480,17,17,1179,21
3027,EQ-03,2021-01-26,454,480,43,18,1166,11
3028,EQ-04,2021-01-26,395,480,41,26,1324,18
3029,EQ-01,2021-01-27,404,480,23,17,1519,16
3030,EQ-02,2021-01-27,441,480,26,18,1467,5
3031,EQ-03,2021-01-27,380,480,34,28,1409,8
3032,EQ-04,2021-01-27,425,480,33,24,1066,18
3033,EQ-01,2021-01-28,463,480,29,22,1086,25
3034,EQ-02,2021-01-28,462,480,34,30,1016,13
3035,EQ-03,2021-01-28,473,480,30,16,1144,12
3036,EQ-04,2021-01-28,402,480,10,19,1531,9
3037,EQ-01,2021-01-29,397,480,40,16,1062,24
3038,EQ-02,2021-01-29,406,480,28,26,1632,18
3039,EQ-03,2021-01-29,400,480,36,20,1178,21
3040,EQ-04,2021-01-29,399,480,21,26,1112,10
3041,EQ-01,2021-01-30,181,240,20,15,402,4
3042,EQ-02,2021-01-30,205,240,25,15,445,8
3043,EQ-03,2021-01-30,196,240,24,15,432,2
3044,EQ-04,2021-01-30,230,240,5,15,434,2
3045,EQ-01,2021-01-31,210,240,6,15,538,8
3046,EQ-02,2021-01-31,189,240,18,15,361,6
3047,EQ-03,2021-01-31,204,240,24,15,534,6
3048,EQ-04,2021-01-31,190,240,10,15,375,2
3049,EQ-01,2021-02-01,424,480,24,17,1429,7
3050,EQ-02,2021-02-01,394,480,40,29,1425,22
3051,EQ-03,2021-02-01,436,480,18,15,1318,20
3052,EQ-04,2021-02-01,440,480,26,19,1330,22
3053,EQ-01,2021-02-02,426,480,16,30,1504,23
3054,EQ-02,2021-02-02,405,480,18,22,1527,9
3055,EQ-03,2021-02-02,398,480,24,17,1097,17
3056,EQ-04,2021-02-02,416,480,16,22,1231,13
3057,EQ-01,2021-02-03,403,480,29,25,1473,23
3058,EQ-02,2021-02-03,414,480,18,25,1432,16
3059,EQ-03,2021-02-03,384,480,34,16,1202,10
3060,EQ-04,2021-02-03,410,480,20,27,1330,5
3061,EQ-01,2021-02-04,404,480,35,29,1219,19
3062,EQ-02,2021-02-04,459,480,26,29,1120,13
3063,EQ-03,2021-02-04,463,480,42,25,1345,10
3064,EQ-04,2021-02-04,412,480,31,30,1562,19
3065,EQ-01,2021-02-05,464,480,16,25,1531,13
3066,EQ-02,2021-02-05,388,480,33,28,1657,5
3067,EQ-03,2021-02-05,449,480,18,18,1232,19
3068,EQ-04,2021-02-05,394,480,17,24,1129,16
3069,EQ-01,2021-02-06,199,240,19,15,461,6
3070,EQ-02,2021-02-06,185,240,21,15,396,5
3071,EQ-03,2021-02-06,212,240,11,15,386,8
3072,EQ-04,2021-02-06,223,240,12,15,548,2
3073,EQ-01,2021-02-07,192,240,16,15,484,6
3074,EQ-02,2021-02-07,229,240,9,15,494,8
3075,EQ-03,2021-02-07,213,240,21,15,362,8
3076,EQ-04,2021-02-07,214,240,16,15,488,3
3077,EQ-01,2021-02-08,468,480,43,20,1383,10
3078,EQ-02,2021-02-08,392,480,20,22,1155,22
3079,EQ-03,2021-02-08,458,480,37,21,1285,6
3080,EQ-04,2021-02-08,431,480,28,27,1534,18
3081,EQ-01,2021-02-09,440,480,39,25,1139,14
3082,EQ-02,2021-02-09,380,480,14,23,1569,14
3083,EQ-03,2021-02-09,406,480,14,16,1420,9
3084,EQ-04,2021-02-09,398,480,40,20,1248,17
3085,EQ-01,2021-02-10,400,480,36,27,1605,11
3086,EQ-02,2021-02-10,411,480,32,17,1231,13
3087,EQ-03,2021-02-10,397,480,35,18,1599,9
3088,EQ-04,2021-02-10,406,480,38,19,1688,13
3089,EQ-01,2021-02-11,421,480,10,18,1533,14
3090,EQ-02,2021-02-11,447,480,16,30,1237,19
3091,EQ-03,2021-02-11,418,480,17,29,1157,7
3092,EQ-04,2021-02-11,472,480,31,23,1041,17
3093,EQ-01,2021-02-12,412,480,17,29,1436,23
3094,EQ-02,2021-02-12,442,480,28,22,1535,8
3095,EQ-03,2021-02-12,456,480,33,22,1680,20
3096,EQ-04,2021-02-12,387,480,16,23,1282,13
3097,EQ-01,2021-02-13,196,240,16,15,371,2
3098,EQ-02,2021-02-13,186,240,20,15,412,6
3099,EQ-03,2021-02-13,211,240,12,15,501,5
3100,EQ-04,2021-02-13,222,240,13,15,376,8
3101,EQ-01,2021-02-14,225,240,20,15,493,6
3102,EQ-02,2021-02-14,216,240,17,15,505,6
3103,EQ-03,2021-02-14,222,240,17,15,360,6
3104,EQ-04,2021-02-14,186,240,23,15,564,8
3105,EQ-01,2021-02-15,462,480,16,18,1120,12
3106,EQ-02,2021-02-15,426,480,36,27,1040,16
3107,EQ-03,2021-02-15,462,480,38,29,1587,21
3108,EQ-04,2021-02-15,384,480,35,28,1685,5
3109,EQ-01,2021-02-16,407,480,21,15,1645,15
3110,EQ-02,2021-02-16,392,480,28,28,1029,19
3111,EQ-03,2021-02-16,412,480,32,26,1360,12
3112,EQ-04,2021-02-16,415,480,38,16,1332,19
3113,EQ-01,2021-02-17,469,480,26,20,1214,22
3114,EQ-02,2021-02-17,450,480,30,27,1356,10
3115,EQ-03,2021-02-17,443,480,15,25,1360,24
3116,EQ-04,2021-02-17,448,480,24,25,1313,8
3117,EQ-01,2021-02-18,472,480,15,27,1320,24
3118,EQ-02,2021-02-18,443,480,21,27,1207,13
3119,EQ-03,2021-02-18,470,480,41,26,1345,19
3120,EQ-04,2021-02-18,426,480,20,20,1330,5
3121,EQ-01,2021-02-19,394,480,22,24,1518,25
3122,EQ-02,2021-02-19,451,480,28,20,1407,24
3123,EQ-03,2021-02-19,469,480,14,21,1095,7
3124,EQ-04,2021-02-19,471,480,35,23,1149,15
3125,EQ-01,2021-02-20,214,240,16,15,451,3
3126,EQ-02,2021-02-20,204,240,8,15,566,7
3127,EQ-03,2021-02-20,198,240,24,15,495,2
3128,EQ-04,2021-02-20,200,240,12,15,463,8
3129,EQ-01,2021-02-21,182,240,12,15,490,3
3130,EQ-02,2021-02-21,222,240,13,15,356,5
3131,EQ-03,2021-02-21,194,240,12,15,412,3
3132,EQ-04,2021-02-21,208,240,25,15,557,3
3133,EQ-01,2021-02-22,398,480,10,24,1249,5
3134,EQ-02,2021-02-22,433,480,45,21,1422,10
3135,EQ-03,2021-02-22,429,480,26,26,1269,18
3136,EQ-04,2021-02-22,420,480,44,26,1078,9
3137,EQ-01,2021-02-23,448,480,18,18,1519,20
3138,EQ-02,2021-02-23,448,480,30,18,1618,12
3139,EQ-03,2021-02-23,472,480,32,22,1476,13
3140,EQ-04,2021-02-23,453,480,13,29,1633,19
3141,EQ-01,2021-02-24,443,480,37,17,1175,5
3142,EQ-02,2021-02-24,451,480,38,16,1355,20
3143,EQ-03,2021-02-24,470,480,19,17,1698,16
3144,EQ-04,2021-02-24,388,480,27,23,1028,24
3145,EQ-01,2021-02-25,442,480,37,19,1405,11
3146,EQ-02,2021-02-25,464,480,38,24,1551,14
3147,EQ-03,2021-02-25,422,480,24,28,1147,22
3148,EQ-04,2021-02-25,467,480,30,15,1624,6
3149,EQ-01,2021-02-26,471,480,32,18,1072,24
3150,EQ-02,2021-02-26,388,480,43,28,1165,11
3151,EQ-03,2021-02-26,411,480,21,20,1030,25
3152,EQ-04,2021-02-26,443,480,17,25,1091,8
3153,EQ-01,2021-02-27,205,240,23,15,529,7
3154,EQ-02,2021-02-27,204,240,18,15,447,7
3155,EQ-03,2021-02-27,210,240,9,15,566,4
3156,EQ-04,2021-02-27,191,240,8,15,429,4
3157,EQ-01,2021-02-28,191,240,18,15,575,4
3158,EQ-02,2021-02-28,211,240,7,15,397,4
3159,EQ-03,2021-02-28,205,240,11,15,408,4
3160,EQ-04,2021-02-28,221,240,25,15,370,4
3161,EQ-01,2021-03-01,437,480,16,23,1020,24
3162,EQ-02,2021-03-01,387,480,45,16,1699,16
3163,EQ-03,2021-03-01,392,480,20,15,1541,5
3164,EQ-04,2021-03-01,380,480,30,27,1313,5
3165,EQ-01,2021-03-02,452,480,33,17,1176,11
3166,EQ-02,2021-03-02,461,480,41,20,1548,11
3167,EQ-03,2021-03-02,424,480,16,19,1614,16
3168,EQ-04,2021-03-02,453,480,21,29,1181,21
3169,EQ-01,2021-03-03,399,480,38,15,1637,6
3170,EQ-02,2021-03-03,395,480,29,24,1110,16
3171,EQ-03,2021-03-03,392,480,41,21,1617,9
3172,EQ-04,2021-03-03,438,480,45,27,1458,8
3173,EQ-01,2021-03-04,426,480,19,22,1502,11
3174,EQ-02,2021-03-04,431,480,12,26,1060,20
3175,EQ-03,2021-03-04,464,480,16,17,1679,25
3176,EQ-04,2021-03-04,421,480,43,27,1559,25
3177,EQ-01,2021-03-05,405,480,28,25,1138,19
3178,EQ-02,2021-03-05,405,480,28,28,1413,18
3179,EQ-03,2021-03-05,428,480,15,30,1024,20
3180,EQ-04,2021-03-05,393,480,30,30,1624,17
3181,EQ-01,2021-03-06,199,240,20,15,551,8
3182,EQ-02,2021-03-06,198,240,6,15,485,8
3183,EQ-03,2021-03-06,182,240,11,15,592,2
3184,EQ-04,2021-03-06,199,240,23,15,541,6
3185,EQ-01,2021-03-07,214,240,10,15,514,4
3186,EQ-02,2021-03-07,227,240,6,15,486,2
3187,EQ-03,2021-03-07,183,240,14,15,448,3
3188,EQ-04,2021-03-07,202,240,22,15,363,8
3189,EQ-01,2021-03-08,467,480,37,20,1520,16
3190,EQ-02,2021-03-08,467,480,12,21,1101,19
3191,EQ-03,2021-03-08,403,480,24,25,1074,11
3192,EQ-04,2021-03-08,443,480,23,15,1046,17
3193,EQ-01,2021-03-09,406,480,17,24,1004,12
3194,EQ-02,2021-03-09,464,480,31,20,1399,12
3195,EQ-03,2021-03-09,427,480,35,16,1159,9
3196,EQ-04,2021-03-09,456,480,25,23,1432,23
3197,EQ-01,2021-03-10,470,480,29,21,1669,13
3198,EQ-02,2021-03-10,432,480,10,28,1423,17
3199,EQ-03,2021-03-10,415,480,22,30,1259,24
3200,EQ-04,2021-03-10,381,480,35,16,1459,9
3201,EQ-01,2021-03-11,464,480,24,17,1652,8
3202,EQ-02,2021-03-11,394,480,20,30,1068,10
3203,EQ-03,2021-03-11,448,480,30,20,1262,17
3204,EQ-04,2021-03-11,416,480,44,24,1291,23
3205,EQ-01,2021-03-12,413,480,16,18,1404,11
3206,EQ-02,2021-03-12,405,480,18,16,1480,20
3207,EQ-03,2021-03-12,429,480,21,17,1069,12
3208,EQ-04,2021-03-12,398,480,38,16,1678,21
3209,EQ-01,2021-03-13,226,240,15,15,361,6
3210,EQ-02,2021-03-13,180,240,9,15,437,8
3211,EQ-03,2021-03-13,196,240,10,15,439,5
3212,EQ-04,2021-03-13,192,240,25,15,364,5
3213,EQ-01,2021-03-14,204,240,9,15,592,4
3214,EQ-02,2021-03-14,212,240,7,15,407,3
3215,EQ-03,2021-03-14,220,240,11,15,435,7
3216,EQ-04,2021-03-14,226,240,19,15,356,8
3217,EQ-01,2021-03-15,436,480,14,22,1616,21
3218,EQ-02,2021-03-15,416,480,45,20,1146,22
3219,EQ-03,2021-03-15,420,480,13,18,1066,18
3220,EQ-04,2021-03-15,446,480,44,15,1633,10
3221,EQ-01,2021-03-16,472,480,30,26,1039,9
3222,EQ-02,2021-03-16,393,480,24,15,1390,5
3223,EQ-03,2021-03-16,452,480,13,27,1580,8
3224,EQ-04,2021-03-16,408,480,12,17,1020,25
3225,EQ-01,2021-03-17,440,480,34,24,1630,17
3226,EQ-02,2021-03-17,437,480,25,30,1627,13
3227,EQ-03,2021-03-17,424,480,39,30,1156,19
3228,EQ-04,2021-03-17,448,480,33,22,1147,14
3229,EQ-01,2021-03-18,461,480,21,27,1263,10
3230,EQ-02,2021-03-18,427,480,11,28,1307,9
3231,EQ-03,2021-03-18,385,480,39,28,1554,12
3232,EQ-04,2021-03-18,431,480,18,26,1213,17
3233,EQ-01,2021-03-19,433,480,36,29,1463,19
3234,EQ-02,2021-03-19,429,480,39,26,1345,15
3235,EQ-03,2021-03-19,465,480,35,19,1542,11
3236,EQ-04,2021-03-19,411,480,23,21,1582,11
3237,EQ-01,2021-03-20,226,240,24,15,443,5
3238,EQ-02,2021-03-20,215,240,18,15,445,7
3239,EQ-03,2021-03-20,199,240,11,15,450,3
3240,EQ-04,2021-03-20,210,240,8,15,488,7
3241,EQ-01,2021-03-21,208,240,14,15,581,8
3242,EQ-02,2021-03-21,229,240,24,15,455,2
3243,EQ-03,2021-03-21,192,240,11,15,436,6
3244,EQ-04,2021-03-21,190,240,17,15,589,6
3245,EQ-01,2021-03-22,435,480,21,29,1024,11
3246,EQ-02,2021-03-22,475,480,19,27,1588,11
3247,EQ-03,2021-03-22,474,480,18,30,1323,24
3248,EQ-04,2021-03-22,466,480,16,17,1087,5
3249,EQ-01,2021-03-23,422,480,15,25,1365,11
3250,EQ-02,2021-03-23,475,480,19,21,1314,7
3251,EQ-03,2021-03-23,426,480,30,29,1486,15
3252,EQ-04,2021-03-23,470,480,21,24,1310,8
3253,EQ-01,2021-03-24,451,480,20,19,1167,18
3254,EQ-02,2021-03-24,395,480,44,28,1162,22
3255,EQ-03,2021-03-24,450,480,40,23,1255,8
3256,EQ-04,2021-03-24,464,480,19,29,1099,6
3257,EQ-01,2021-03-25,397,480,34,30,1388,20
3258,EQ-02,2021-03-25,401,480,11,26,1451,23
3259,EQ-03,2021-03-25,453,480,21,29,1020,20
3260,EQ-04,2021-03-25,465,480,32,25,1087,16
3261,EQ-01,2021-03-26,388,480,21,19,1639,14
3262,EQ-02,2021-03-26,466,480,35,19,1113,11
3263,EQ-03,2021-03-26,461,480,30,24,1085,16
3264,EQ-04,2021-03-26,457,480,41,15,1636,23
3265,EQ-01,2021-03-27,206,240,10,15,443,8
3266,EQ-02,2021-03-27,196,240,11,15,481,4
3267,EQ-03,2021-03-27,213,240,5,15,475,4
3268,EQ-04,2021-03-27,190,240,6,15,516,3
3269,EQ-01,2021-03-28,224,240,14,15,417,5
3270,EQ-02,2021-03-28,207,240,15,15,360,4
3271,EQ-03,2021-03-28,227,240,19,15,518,2
3272,EQ-04,2021-03-28,201,240,22,15,358,3
3273,EQ-01,2021-03-29,459,480,10,15,1309,17
3274,EQ-02,2021-03-29,405,480,40,27,1397,6
3275,EQ-03,2021-03-29,468,480,27,27,1343,16
3276,EQ-04,2021-03-29,445,480,37,28,1350,9
3277,EQ-01,2021-03-30,424,480,26,21,1500,14
3278,EQ-02,2021-03-30,414,480,15,29,1687,7
3279,EQ-03,2021-03-30,465,480,30,18,1023,9
3280,EQ-04,2021-03-30,393,480,25,17,1181,16
3281,EQ-01,2021-03-31,388,480,19,22,1089,7
3282,EQ-02,2021-03-31,381,480,10,25,1632,7
3283,EQ-03,2021-03-31,399,480,39,25,1680,8
3284,EQ-04,2021-03-31,458,480,17,16,1142,11
3285,EQ-01,2021-04-01,475,480,15,20,1093,7
3286,EQ-02,2021-04-01,380,480,37,22,1215,6
3287,EQ-03,2021-04-01,471,480,15,27,1328,25
3288,EQ-04,2021-04-01,447,480,22,30,1202,20
3289,EQ-01,2021-04-02,457,480,21,30,1294,23
3290,EQ-02,2021-04-02,387,480,38,20,1519,5
3291,EQ-03,2021-04-02,390,480,21,21,1269,9
3292,EQ-04,2021-04-02,449,480,22,18,1077,11
3293,EQ-01,2021-04-03,191,240,15,15,543,3
3294,EQ-02,2021-04-03,198,240,24,15,455,6
3295,EQ-03,2021-04-03,202,240,12,15,485,2
3296,EQ-04,2021-04-03,198,240,10,15,366,2
3297,EQ-01,2021-04-04,183,240,24,15,543,8
3298,EQ-02,2021-04-04,207,240,7,15,522,8
3299,EQ-03,2021-04-04,225,240,19,15,353,7
3300,EQ-04,2021-04-04,223,240,7,15,431,6
3301,EQ-01,2021-04-05,426,480,14,23,1326,19
3302,EQ-02,2021-04-05,425,480,40,26,1511,14
3303,EQ-03,2021-04-05,442,480,30,21,1233,23
3304,EQ-04,2021-04-05,401,480,12,26,1419,19
3305,EQ-01,2021-04-06,439,480,30,27,1474,19
3306,EQ-02,2021-04-06,437,480,19,19,1394,18
3307,EQ-03,2021-04-06,383,480,18,25,1390,25
3308,EQ-04,2021-04-06,399,480,35,26,1014,18
3309,EQ-01,2021-04-07,464,480,21,19,1607,10
3310,EQ-02,2021-04-07,407,480,16,15,1400,20
3311,EQ-03,2021-04-07,399,480,27,25,1202,5
3312,EQ-04,2021-04-07,443,480,35,20,1310,22
3313,EQ-01,2021-04-08,415,480,24,21,1498,24
3314,EQ-02,2021-04-08,472,480,41,28,1445,10
3315,EQ-03,2021-04-08,442,480,13,26,1108,7
3316,EQ-04,2021-04-08,421,480,40,24,1144,12
3317,EQ-01,2021-04-09,446,480,41,21,1426,20
3318,EQ-02,2021-04-09,381,480,29,20,1346,25
3319,EQ-03,2021-04-09,419,480,37,18,1613,9
3320,EQ-04,2021-04-09,447,480,28,25,1382,9
3321,EQ-01,2021-04-10,203,240,23,15,598,5
3322,EQ-02,2021-04-10,184,240,5,15,464,4
3323,EQ-03,2021-04-10,206,240,12,15,403,4
3324,EQ-04,2021-04-10,224,240,12,15,582,8
3325,EQ-01,2021-04-11,200,240,25,15,584,5
3326,EQ-02,2021-04-11,230,240,13,15,492,4
3327,EQ-03,2021-04-11,216,240,15,15,528,3
3328,EQ-04,2021-04-11,188,240,15,15,550,7
3329,EQ-01,2021-04-12,453,480,24,22,1255,20
3330,EQ-02,2021-04-12,445,480,16,27,1151,24
3331,EQ-03,2021-04-12,457,480,27,17,1460,17
3332,EQ-04,2021-04-12,471,480,19,26,1060,20
3333,EQ-01,2021-04-13,425,480,40,19,1279,15
3334,EQ-02,2021-04-13,442,480,30,21,1661,11
3335,EQ-03,2021-04-13,456,480,17,24,1062,11
3336,EQ-04,2021-04-13,447,480,42,24,1254,17
3337,EQ-01,2021-04-14,434,480,10,24,1267,11
3338,EQ-02,2021-04-14,398,480,28,15,1029,25
3339,EQ-03,2021-04-14,462,480,36,17,1377,19
3340,EQ-04,2021-04-14,398,480,38,27,1568,10
3341,EQ-01,2021-04-15,456,480,38,25,1110,13
3342,EQ-02,2021-04-15,438,480,27,21,1621,19
3343,EQ-03,2021-04-15,416,480,20,19,1330,5
3344,EQ-04,2021-04-15,395,480,13,25,1565,20
3345,EQ-01,2021-04-16,427,480,19,25,1384,22
3346,EQ-02,2021-04-16,383,480,37,25,1405,10
3347,EQ-03,2021-04-16,421,480,12,24,1331,23
3348,EQ-04,2021-04-16,452,480,12,16,1135,20
3349,EQ-01,2021-04-17,184,240,7,15,385,3
3350,EQ-02,2021-04-17,186,240,21,15,391,7
3351,EQ-03,2021-04-17,195,240,7,15,543,4
3352,EQ-04,2021-04-17,202,240,15,15,370,5
3353,EQ-01,2021-04-18,201,240,7,15,476,5
3354,EQ-02,2021-04-18,214,240,6,15,484,5
3355,EQ-03,2021-04-18,221,240,17,15,527,3
3356,EQ-04,2021-04-18,215,240,7,15,558,3
3357,EQ-01,2021-04-19,437,480,20,18,1267,12
3358,EQ-02,2021-04-19,410,480,13,15,1053,25
3359,EQ-03,2021-04-19,469,480,24,30,1043,6
3360,EQ-04,2021-04-19,408,480,24,19,1140,21
3361,EQ-01,2021-04-20,420,480,30,27,1649,17
3362,EQ-02,2021-04-20,382,480,42,24,1504,5
3363,EQ-03,2021-04-20,465,480,36,17,1041,11
3364,EQ-04,2021-04-20,455,480,12,21,1235,23
3365,EQ-01,2021-04-21,442,480,10,26,1082,23
3366,EQ-02,2021-04-21,427,480,42,20,1406,11
3367,EQ-03,2021-04-21,399,480,44,15,1642,24
3368,EQ-04,2021-04-21,416,480,27,26,1523,17
3369,EQ-01,2021-04-22,400,480,22,23,1342,11
3370,EQ-02,2021-04-22,463,480,28,29,1029,19
3371,EQ-03,2021-04-22,431,480,23,20,1115,6
3372,EQ-04,2021-04-22,405,480,29,21,1607,14
3373,EQ-01,2021-04-23,452,480,26,21,1523,5
3374,EQ-02,2021-04-23,419,480,10,21,1185,15
3375,EQ-03,2021-04-23,406,480,41,27,1335,19
3376,EQ-04,2021-04-23,430,480,20,30,1491,22
3377,EQ-01,2021-04-24,218,240,14,15,553,7
3378,EQ-02,2021-04-24,195,240,7,15,507,2
3379,EQ-03,2021-04-24,180,240,5,15,508,2
3380,EQ-04,2021-04-24,180,240,13,15,588,2
3381,EQ-01,2021-04-25,199,240,19,15,447,7
3382,EQ-02,2021-04-25,216,240,10,15,374,2
3383,EQ-03,2021-04-25,203,240,11,15,515,3
3384,EQ-04,2021-04-25,207,240,16,15,369,4
3385,EQ-01,2021-04-26,433,480,11,24,1035,8
3386,EQ-02,2021-04-26,418,480,19,23,1467,11
3387,EQ-03,2021-04-26,395,480,11,30,1178,5
3388,EQ-04,2021-04-26,394,480,15,22,1466,23
3389,EQ-01,2021-04-27,468,480,45,23,1276,5
3390,EQ-02,2021-04-27,469,480,40,17,1156,11
3391,EQ-03,2021-04-27,388,480,35,27,1030,6
3392,EQ-04,2021-04-27,443,480,37,29,1422,10
3393,EQ-01,2021-04-28,381,480,12,17,1287,14
3394,EQ-02,2021-04-28,472,480,40,21,1273,5
3395,EQ-03,2021-04-28,465,480,27,21,1240,19
3396,EQ-04,2021-04-28,380,480,12,28,1572,20
3397,EQ-01,2021-04-29,409,480,13,24,1372,7
3398,EQ-02,2021-04-29,456,480,33,29,1483,22
3399,EQ-03,2021-04-29,400,480,33,26,1564,22
3400,EQ-04,2021-04-29,398,480,30,26,1416,10
3401,EQ-01,2021-04-30,454,480,35,26,1478,16
3402,EQ-02,2021-04-30,417,480,19,30,1691,22
3403,EQ-03,2021-04-30,432,480,33,28,1088,24
3404,EQ-04,2021-04-30,412,480,18,25,1367,25
3405,EQ-01,2021-05-01,209,240,19,15,542,6
3406,EQ-02,2021-05-01,223,240,10,15,577,2
3407,EQ-03,2021-05-01,201,240,21,15,585,8
3408,EQ-04,2021-05-01,220,240,9,15,503,4
3409,EQ-01,2021-05-02,214,240,25,15,562,7
3410,EQ-02,2021-05-02,190,240,23,15,385,8
3411,EQ-03,2021-05-02,230,240,11,15,561,7
3412,EQ-04,2021-05-02,205,240,7,15,560,5
3413,EQ-01,2021-05-03,394,480,42,16,1532,8
3414,EQ-02,2021-05-03,465,480,20,22,1700,15
3415,EQ-03,2021-05-03,427,480,45,27,1535,17
3416,EQ-04,2021-05-03,468,480,16,22,1655,25
3417,EQ-01,2021-05-04,404,480,10,18,1507,9
3418,EQ-02,2021-05-04,389,480,29,22,1415,14
3419,EQ-03,2021-05-04,406,480,44,18,1195,5
3420,EQ-04,2021-05-04,382,480,11,24,1123,11
3421,EQ-01,2021-05-05,403,480,14,17,1259,19
3422,EQ-02,2021-05-05,395,480,37,26,1677,17
3423,EQ-03,2021-05-05,381,480,29,25,1397,16
3424,EQ-04,2021-05-05,406,480,29,28,1634,23
3425,EQ-01,2021-05-06,441,480,12,30,1032,20
3426,EQ-02,2021-05-06,420,480,32,15,1261,20
3427,EQ-03,2021-05-06,429,480,44,18,1432,23
3428,EQ-04,2021-05-06,459,480,32,30,1027,17
3429,EQ-01,2021-05-07,384,480,41,17,1486,13
3430,EQ-02,2021-05-07,449,480,15,17,1251,25
3431,EQ-03,2021-05-07,392,480,39,27,1345,12
3432,EQ-04,2021-05-07,457,480,40,16,1330,14
3433,EQ-01,2021-05-08,215,240,19,15,405,6
3434,EQ-02,2021-05-08,206,240,8,15,352,7
3435,EQ-03,2021-05-08,188,240,23,15,570,7
3436,EQ-04,2021-05-08,229,240,5,15,589,6
3437,EQ-01,2021-05-09,208,240,7,15,478,3
3438,EQ-02,2021-05-09,209,240,13,15,528,6
3439,EQ-03,2021-05-09,204,240,22,15,517,7
3440,EQ-04,2021-05-09,183,240,13,15,499,2
3441,EQ-01,2021-05-10,469,480,43,30,1178,19
3442,EQ-02,2021-05-10,417,480,20,16,1297,24
3443,EQ-03,2021-05-10,422,480,37,18,1158,7
3444,EQ-04,2021-05-10,405,480,40,30,1255,5
3445,EQ-01,2021-05-11,429,480,21,27,1044,14
3446,EQ-02,2021-05-11,403,480,24,25,1699,23
3447,EQ-03,2021-05-11,443,480,24,29,1118,8
3448,EQ-04,2021-05-11,401,480,18,19,1619,23
3449,EQ-01,2021-05-12,383,480,38,30,1375,18
3450,EQ-02,2021-05-12,427,480,44,18,1428,20
3451,EQ-03,2021-05-12,434,480,14,17,1089,13
3452,EQ-04,2021-05-12,431,480,42,22,1140,8
3453,EQ-01,2021-05-13,465,480,22,29,1675,22
3454,EQ-02,2021-05-13,427,480,45,23,1489,7
3455,EQ-03,2021-05-13,464,480,21,28,1118,22
3456,EQ-04,2021-05-13,385,480,24,21,1150,14
3457,EQ-01,2021-05-14,397,480,35,15,1380,6
3458,EQ-02,2021-05-14,445,480,10,18,1537,13
3459,EQ-03,2021-05-14,454,480,43,15,1310,9
3460,EQ-04,2021-05-14,420,480,25,30,1218,11
3461,EQ-01,2021-05-15,222,240,20,15,472,5
3462,EQ-02,2021-05-15,193,240,8,15,394,5
3463,EQ-03,2021-05-15,215,240,25,15,510,6
3464,EQ-04,2021-05-15,184,240,9,15,520,3
3465,EQ-01,2021-05-16,212,240,9,15,570,8
3466,EQ-02,2021-05-16,184,240,20,15,481,2
3467,EQ-03,2021-05-16,216,240,10,15,413,7
3468,EQ-04,2021-05-16,228,240,18,15,564,7
3469,EQ-01,2021-05-17,426,480,24,23,1416,6
3470,EQ-02,2021-05-17,435,480,12,25,1404,5
3471,EQ-03,2021-05-17,404,480,33,27,1460,24
3472,EQ-04,2021-05-17,408,480,18,30,1629,21
3473,EQ-01,2021-05-18,432,480,20,22,1613,21
3474,EQ-02,2021-05-18,416,480,41,17,1443,24
3475,EQ-03,2021-05-18,383,480,36,17,1575,7
3476,EQ-04,2021-05-18,470,480,19,16,1378,13
3477,EQ-01,2021-05-19,430,480,27,29,1665,15
3478,EQ-02,2021-05-19,418,480,44,25,1315,20
3479,EQ-03,2021-05-19,445,480,41,27,1603,22
3480,EQ-04,2021-05-19,467,480,18,30,1345,7
3481,EQ-01,2021-05-20,468,480,41,25,1545,21
3482,EQ-02,2021-05-20,458,480,14,23,1644,13
3483,EQ-03,2021-05-20,414,480,28,22,1320,15
3484,EQ-04,2021-05-20,410,480,22,26,1313,11
3485,EQ-01,2021-05-21,422,480,43,28,1285,13
3486,EQ-02,2021-05-21,456,480,37,21,1627,9
3487,EQ-03,2021-05-21,468,480,28,21,1370,22
3488,EQ-04,2021-05-21,450,480,30,21,1473,23
3489,EQ-01,2021-05-22,213,240,10,15,380,7
3490,EQ-02,2021-05-22,193,240,24,15,552,7
3491,EQ-03,2021-05-22,203,240,12,15,450,5
3492,EQ-04,2021-05-22,214,240,15,15,387,4
3493,EQ-01,2021-05-23,215,240,17,15,350,2
3494,EQ-02,2021-05-23,192,240,13,15,587,5
3495,EQ-03,2021-05-23,209,240,22,15,499,8
3496,EQ-04,2021-05-23,197,240,21,15,495,5
3497,EQ-01,2021-05-24,405,480,27,16,1437,25
3498,EQ-02,2021-05-24,442,480,16,30,1447,17
3499,EQ-03,2021-05-24,420,480,17,19,1185,8
3500,EQ-04,2021-05-24,426,480,13,16,1071,13
3501,EQ-01,2021-05-25,393,480,45,23,1130,8
3502,EQ-02,2021-05-25,475,480,37,21,1040,23
3503,EQ-03,2021-05-25,387,480,10,18,1345,24
3504,EQ-04,2021-05-25,472,480,27,24,1440,12
3505,EQ-01,2021-05-26,409,480,24,23,1565,16
3506,EQ-02,2021-05-26,410,480,19,15,1566,23
3507,EQ-03,2021-05-26,420,480,24,20,1392,11
3508,EQ-04,2021-05-26,449,480,11,20,1093,23
3509,EQ-01,2021-05-27,474,480,27,30,1127,8
3510,EQ-02,2021-05-27,411,480,36,22,1247,19
3511,EQ-03,2021-05-27,458,480,20,20,1225,13
3512,EQ-04,2021-05-27,393,480,10,22,1687,14
3513,EQ-01,2021-05-28,435,480,34,29,1218,12
3514,EQ-02,2021-05-28,392,480,15,28,1454,19
3515,EQ-03,2021-05-28,399,480,34,27,1023,22
3516,EQ-04,2021-05-28,414,480,23,30,1447,21
3517,EQ-01,2021-05-29,201,240,15,15,355,5
3518,EQ-02,2021-05-29,212,240,24,15,449,8
3519,EQ-03,2021-05-29,208,240,24,15,402,4
3520,EQ-04,2021-05-29,189,240,7,15,503,8
3521,EQ-01,2021-05-30,224,240,17,15,393,8
3522,EQ-02,2021-05-30,205,240,11,15,405,4
3523,EQ-03,2021-05-30,202,240,17,15,420,3
3524,EQ-04,2021-05-30,225,240,14,15,580,3
3525,EQ-01,2021-05-31,428,480,40,15,1576,12
3526,EQ-02,2021-05-31,462,480,14,29,1022,17
3527,EQ-03,2021-05-31,453,480,32,26,1390,5
3528,EQ-04,2021-05-31,442,480,37,29,1434,7
3529,EQ-01,2021-06-01,435,480,26,26,1234,13
3530,EQ-02,2021-06-01,426,480,26,30,1161,10
3531,EQ-03,2021-06-01,408,480,43,21,1037,17
3532,EQ-04,2021-06-01,426,480,13,22,1092,10
3533,EQ-01,2021-06-02,391,480,45,16,1256,7
3534,EQ-02,2021-06-02,447,480,26,29,1152,14
3535,EQ-03,2021-06-02,398,480,37,23,1190,12
3536,EQ-04,2021-06-02,432,480,29,20,1533,7
3537,EQ-01,2021-06-03,409,480,15,16,1586,25
3538,EQ-02,2021-06-03,474,480,21,24,1561,20
3539,EQ-03,2021-06-03,382,480,22,17,1068,8
3540,EQ-04,2021-06-03,395,480,39,26,1183,9
3541,EQ-01,2021-06-04,381,480,30,20,1278,21
3542,EQ-02,2021-06-04,382,480,42,16,1403,9
3543,EQ-03,2021-06-04,401,480,13,30,1159,9
3544,EQ-04,2021-06-04,410,480,33,23,1473,12
3545,EQ-01,2021-06-05,209,240,10,15,531,2
3546,EQ-02,2021-06-05,225,240,12,15,391,7
3547,EQ-03,2021-06-05,218,240,6,15,367,5
3548,EQ-04,2021-06-05,188,240,5,15,423,5
3549,EQ-01,2021-06-06,213,240,20,15,523,8
3550,EQ-02,2021-06-06,205,240,22,15,488,7
3551,EQ-03,2021-06-06,205,240,21,15,469,7
3552,EQ-04,2021-06-06,213,240,16,15,551,6
3553,EQ-01,2021-06-07,453,480,35,23,1536,18
3554,EQ-02,2021-06-07,401,480,42,30,1129,6
3555,EQ-03,2021-06-07,406,480,14,26,1305,8
3556,EQ-04,2021-06-07,457,480,36,27,1384,14
3557,EQ-01,2021-06-08,427,480,11,25,1498,11
3558,EQ-02,2021-06-08,382,480,23,28,1653,9
3559,EQ-03,2021-06-08,437,480,18,24,1405,12
3560,EQ-04,2021-06-08,398,480,11,22,1449,13
3561,EQ-01,2021-06-09,442,480,35,29,1476,16
3562,EQ-02,2021-06-09,406,480,39,19,1425,6
3563,EQ-03,2021-06-09,411,480,19,18,1302,16
3564,EQ-04,2021-06-09,386,480,32,29,1395,25
3565,EQ-01,2021-06-10,435,480,14,24,1363,21
3566,EQ-02,2021-06-10,450,480,40,16,1490,7
3567,EQ-03,2021-06-10,425,480,31,21,1317,21
3568,EQ-04,2021-06-10,401,480,10,18,1149,22
3569,EQ-01,2021-06-11,414,480,13,15,1521,11
3570,EQ-02,2021-06-11,460,480,43,26,1024,19
3571,EQ-03,2021-06-11,431,480,31,29,1355,24
3572,EQ-04,2021-06-11,421,480,28,26,1052,21
3573,EQ-01,2021-06-12,217,240,8,15,576,5
3574,EQ-02,2021-06-12,182,240,22,15,536,7
3575,EQ-03,2021-06-12,189,240,17,15,434,7
3576,EQ-04,2021-06-12,197,240,9,15,386,8
3577,EQ-01,2021-06-13,197,240,17,15,406,2
3578,EQ-02,2021-06-13,182,240,14,15,353,3
3579,EQ-03,2021-06-13,192,240,18,15,495,3
3580,EQ-04,2021-06-13,206,240,9,15,459,6
3581,EQ-01,2021-06-14,452,480,26,21,1000,7
3582,EQ-02,2021-06-14,400,480,12,23,1494,7
3583,EQ-03,2021-06-14,408,480,39,20,1688,20
3584,EQ-04,2021-06-14,394,480,15,29,1350,24
3585,EQ-01,2021-06-15,473,480,33,30,1264,23
3586,EQ-02,2021-06-15,451,480,45,25,1646,15
3587,EQ-03,2021-06-15,447,480,19,23,1608,12
3588,EQ-04,2021-06-15,408,480,11,28,1494,13
3589,EQ-01,2021-06-16,422,480,42,24,1510,17
3590,EQ-02,2021-06-16,386,480,29,23,1109,9
3591,EQ-03,2021-06-16,451,480,24,22,1254,19
3592,EQ-04,2021-06-16,399,480,16,26,1422,17
3593,EQ-01,2021-06-17,433,480,31,24,1083,12
3594,EQ-02,2021-06-17,400,480,40,17,1321,6
3595,EQ-03,2021-06-17,435,480,35,28,1157,18
3596,EQ-04,2021-06-17,440,480,11,25,1379,8
3597,EQ-01,2021-06-18,419,480,25,30,1503,17
3598,EQ-02,2021-06-18,455,480,23,27,1440,12
3599,EQ-03,2021-06-18,416,480,25,20,1344,10
3600,EQ-04,2021-06-18,456,480,30,27,1084,8
3601,EQ-01,2021-06-19,185,240,7,15,553,7
3602,EQ-02,2021-06-19,180,240,9,15,488,5
3603,EQ-03,2021-06-19,211,240,7,15,589,8
3604,EQ-04,2021-06-19,224,240,25,15,388,2
3605,EQ-01,2021-06-20,180,240,20,15,395,2
3606,EQ-02,2021-06-20,188,240,14,15,565,4
3607,EQ-03,2021-06-20,223,240,16,15,520,6
3608,EQ-04,2021-06-20,185,240,6,15,392,4
3609,EQ-01,2021-06-21,422,480,16,16,1596,7
3610,EQ-02,2021-06-21,385,480,10,21,1174,17
3611,EQ-03,2021-06-21,442,480,16,23,1607,14
3612,EQ-04,2021-06-21,458,480,43,17,1627,14
3613,EQ-01,2021-06-22,397,480,14,29,1620,13
3614,EQ-02,2021-06-22,392,480,41,22,1290,6
3615,EQ-03,2021-06-22,468,480,40,29,1367,21
3616,EQ-04,2021-06-22,433,480,25,24,1682,15
3617,EQ-01,2021-06-23,384,480,15,16,1601,8
3618,EQ-02,2021-06-23,398,480,16,29,1129,9
3619,EQ-03,2021-06-23,472,480,14,24,1340,15
3620,EQ-04,2021-06-23,454,480,25,30,1445,18
3621,EQ-01,2021-06-24,395,480,45,24,1214,20
3622,EQ-02,2021-06-24,463,480,12,26,1160,17
3623,EQ-03,2021-06-24,404,480,32,17,1050,6
3624,EQ-04,2021-06-24,412,480,34,20,1509,19
3625,EQ-01,2021-06-25,464,480,35,25,1460,9
3626,EQ-02,2021-06-25,421,480,37,25,1580,10
3627,EQ-03,2021-06-25,380,480,20,23,1425,7
3628,EQ-04,2021-06-25,442,480,31,19,1043,9
3629,EQ-01,2021-06-26,195,240,21,15,504,5
3630,EQ-02,2021-06-26,197,240,11,15,534,3
3631,EQ-03,2021-06-26,206,240,6,15,547,2
3632,EQ-04,2021-06-26,220,240,16,15,532,4
3633,EQ-01,2021-06-27,219,240,16,15,436,2
3634,EQ-02,2021-06-27,186,240,20,15,547,8
3635,EQ-03,2021-06-27,212,240,11,15,404,3
3636,EQ-04,2021-06-27,201,240,21,15,420,6
3637,EQ-01,2021-06-28,430,480,43,21,1445,6
3638,EQ-02,2021-06-28,438,480,45,24,1551,19
3639,EQ-03,2021-06-28,385,480,28,25,1018,18
3640,EQ-04,2021-06-28,455,480,14,30,1427,19
3641,EQ-01,2021-06-29,457,480,24,25,1605,12
3642,EQ-02,2021-06-29,437,480,26,24,1667,6
3643,EQ-03,2021-06-29,409,480,26,27,1271,5
3644,EQ-04,2021-06-29,447,480,24,16,1227,19
3645,EQ-01,2021-06-30,410,480,35,15,1440,6
3646,EQ-02,2021-06-30,389,480,27,28,1016,21
3647,EQ-03,2021-06-30,473,480,29,16,1508,23
3648,EQ-04,2021-06-30,407,480,44,24,1118,12
3649,EQ-01,2021-07-01,429,480,45,25,1181,22
3650,EQ-02,2021-07-01,463,480,22,15,1439,7
3651,EQ-03,2021-07-01,422,480,25,30,1021,8
3652,EQ-04,2021-07-01,396,480,26,20,1673,14
3653,EQ-01,2021-07-02,465,480,26,28,1165,18
3654,EQ-02,2021-07-02,406,480,20,26,1099,14
3655,EQ-03,2021-07-02,419,480,44,17,1078,9
3656,EQ-04,2021-07-02,395,480,10,22,1067,13
3657,EQ-01,2021-07-03,191,240,8,15,545,5
3658,EQ-02,2021-07-03,229,240,22,15,469,6
3659,EQ-03,2021-07-03,230,240,7,15,441,8
3660,EQ-04,2021-07-03,192,240,22,15,591,4
3661,EQ-01,2021-07-04,230,240,7,15,366,3
3662,EQ-02,2021-07-04,189,240,15,15,391,6
3663,EQ-03,2021-07-04,224,240,22,15,399,5
3664,EQ-04,2021-07-04,228,240,25,15,439,2
3665,EQ-01,2021-07-05,423,480,34,28,1106,21
3666,EQ-02,2021-07-05,431,480,23,20,1194,24
3667,EQ-03,2021-07-05,461,480,40,17,1232,20
3668,EQ-04,2021-07-05,451,480,39,27,1329,25
3669,EQ-01,2021-07-06,427,480,22,16,1037,19
3670,EQ-02,2021-07-06,404,480,10,26,1017,16
3671,EQ-03,2021-07-06,463,480,31,28,1007,15
3672,EQ-04,2021-07-06,439,480,15,19,1098,24
3673,EQ-01,2021-07-07,446,480,45,18,1607,9
3674,EQ-02,2021-07-07,440,480,41,25,1122,24
3675,EQ-03,2021-07-07,384,480,30,22,1319,22
3676,EQ-04,2021-07-07,434,480,28,16,1109,6
3677,EQ-01,2021-07-08,418,480,18,23,1388,9
3678,EQ-02,2021-07-08,415,480,31,28,1076,21
3679,EQ-03,2021-07-08,426,480,14,30,1315,14
3680,EQ-04,2021-07-08,432,480,11,15,1291,15
3681,EQ-01,2021-07-09,403,480,15,19,1537,24
3682,EQ-02,2021-07-09,456,480,16,26,1116,8
3683,EQ-03,2021-07-09,413,480,31,25,1126,10
3684,EQ-04,2021-07-09,453,480,23,17,1237,6
3685,EQ-01,2021-07-10,197,240,14,15,565,8
3686,EQ-02,2021-07-10,215,240,22,15,583,8
3687,EQ-03,2021-07-10,185,240,22,15,589,6
3688,EQ-04,2021-07-10,224,240,22,15,426,6
3689,EQ-01,2021-07-11,222,240,14,15,375,5
3690,EQ-02,2021-07-11,228,240,6,15,429,5
3691,EQ-03,2021-07-11,185,240,15,15,418,7
3692,EQ-04,2021-07-11,183,240,9,15,367,2
3693,EQ-01,2021-07-12,455,480,10,18,1488,6
3694,EQ-02,2021-07-12,393,480,26,20,1605,22
3695,EQ-03,2021-07-12,401,480,21,18,1645,5
3696,EQ-04,2021-07-12,401,480,42,22,1417,5
3697,EQ-01,2021-07-13,473,480,22,30,1560,12
3698,EQ-02,2021-07-13,387,480,37,21,1627,17
3699,EQ-03,2021-07-13,404,480,43,24,1352,9
3700,EQ-04,2021-07-13,431,480,36,24,1275,12
3701,EQ-01,2021-07-14,458,480,17,28,1261,25
3702,EQ-02,2021-07-14,457,480,41,15,1117,17
3703,EQ-03,2021-07-14,455,480,22,23,1131,23
3704,EQ-04,2021-07-14,403,480,17,22,1135,6
3705,EQ-01,2021-07-15,409,480,25,16,1073,17
3706,EQ-02,2021-07-15,397,480,23,23,1115,23
3707,EQ-03,2021-07-15,380,480,23,18,1014,18
3708,EQ-04,2021-07-15,393,480,31,21,1457,9
3709,EQ-01,2021-07-16,398,480,17,26,1332,18
3710,EQ-02,2021-07-16,428,480,43,23,1454,11
3711,EQ-03,2021-07-16,461,480,19,21,1398,16
3712,EQ-04,2021-07-16,404,480,25,30,1500,13
3713,EQ-01,2021-07-17,207,240,6,15,414,2
3714,EQ-02,2021-07-17,207,240,19,15,390,2
3715,EQ-03,2021-07-17,230,240,6,15,541,5
3716,EQ-04,2021-07-17,213,240,14,15,402,5
3717,EQ-01,2021-07-18,187,240,14,15,386,4
3718,EQ-02,2021-07-18,197,240,10,15,459,8
3719,EQ-03,2021-07-18,180,240,20,15,551,8
3720,EQ-04,2021-07-18,213,240,7,15,500,5
3721,EQ-01,2021-07-19,424,480,29,22,1460,11
3722,EQ-02,2021-07-19,468,480,27,30,1399,13
3723,EQ-03,2021-07-19,400,480,40,22,1448,9
3724,EQ-04,2021-07-19,382,480,25,30,1393,12
3725,EQ-01,2021-07-20,450,480,42,19,1112,13
3726,EQ-02,2021-07-20,472,480,33,23,1101,13
3727,EQ-03,2021-07-20,464,480,43,24,1413,5
3728,EQ-04,2021-07-20,388,480,16,22,1289,13
3729,EQ-01,2021-07-21,411,480,45,20,1642,20
3730,EQ-02,2021-07-21,447,480,10,19,1020,15
3731,EQ-03,2021-07-21,468,480,45,28,1581,15
3732,EQ-04,2021-07-21,380,480,40,21,1191,8
3733,EQ-01,2021-07-22,473,480,29,28,1257,13
3734,EQ-02,2021-07-22,452,480,32,18,1389,20
3735,EQ-03,2021-07-22,385,480,31,26,1482,12
3736,EQ-04,2021-07-22,451,480,11,17,1105,23
3737,EQ-01,2021-07-23,406,480,39,28,1547,7
3738,EQ-02,2021-07-23,393,480,45,29,1138,12
3739,EQ-03,2021-07-23,474,480,23,21,1379,8
3740,EQ-04,2021-07-23,384,480,26,15,1601,18
3741,EQ-01,2021-07-24,187,240,13,15,514,6
3742,EQ-02,2021-07-24,208,240,11,15,373,4
3743,EQ-03,2021-07-24,195,240,24,15,380,2
3744,EQ-04,2021-07-24,196,240,24,15,487,7
3745,EQ-01,2021-07-25,220,240,12,15,361,5
3746,EQ-02,2021-07-25,224,240,13,15,488,3
3747,EQ-03,2021-07-25,222,240,5,15,587,8
3748,EQ-04,2021-07-25,211,240,11,15,553,5
3749,EQ-01,2021-07-26,422,480,16,17,1515,23
3750,EQ-02,2021-07-26,409,480,27,15,1437,16
3751,EQ-03,2021-07-26,425,480,38,20,1027,8
3752,EQ-04,2021-07-26,460,480,11,23,1197,10
3753,EQ-01,2021-07-27,400,480,24,16,1183,11
3754,EQ-02,2021-07-27,406,480,22,19,1302,19
3755,EQ-03,2021-07-27,387,480,38,22,1633,9
3756,EQ-04,2021-07-27,384,480,17,21,1375,25
3757,EQ-01,2021-07-28,418,480,37,19,1064,10
3758,EQ-02,2021-07-28,440,480,34,15,1175,16
3759,EQ-03,2021-07-28,384,480,44,20,1700,18
3760,EQ-04,2021-07-28,393,480,15,20,1216,7
3761,EQ-01,2021-07-29,399,480,36,18,1445,12
3762,EQ-02,2021-07-29,469,480,20,23,1532,22
3763,EQ-03,2021-07-29,466,480,43,25,1463,10
3764,EQ-04,2021-07-29,456,480,44,21,1459,18
3765,EQ-01,2021-07-30,402,480,38,23,1323,13
3766,EQ-02,2021-07-30,457,480,23,15,1200,17
3767,EQ-03,2021-07-30,417,480,34,29,1093,23
3768,EQ-04,2021-07-30,394,480,18,16,1235,22
3769,EQ-01,2021-07-31,187,240,22,15,472,5
3770,EQ-02,2021-07-31,221,240,23,15,532,7
3771,EQ-03,2021-07-31,188,240,6,15,482,3
3772,EQ-04,2021-07-31,214,240,12,15,554,3
3773,EQ-01,2021-08-01,195,240,6,15,480,8
3774,EQ-02,2021-08-01,218,240,22,15,576,2
3775,EQ-03,2021-08-01,195,240,22,15,491,2
3776,EQ-04,2021-08-01,201,240,21,15,487,2
3777,EQ-01,2021-08-02,413,480,26,25,1562,9
3778,EQ-02,2021-08-02,402,480,12,28,1502,11
3779,EQ-03,2021-08-02,397,480,24,17,1530,9
3780,EQ-04,2021-08-02,459,480,38,17,1432,25
3781,EQ-01,2021-08-03,449,480,15,25,1471,10
3782,EQ-02,2021-08-03,383,480,12,15,1027,5
3783,EQ-03,2021-08-03,421,480,20,17,1084,11
3784,EQ-04,2021-08-03,448,480,33,16,1645,24
3785,EQ-01,2021-08-04,420,480,34,18,1516,25
3786,EQ-02,2021-08-04,417,480,28,23,1163,7
3787,EQ-03,2021-08-04,449,480,19,30,1294,20
3788,EQ-04,2021-08-04,446,480,14,19,1179,14
3789,EQ-01,2021-08-05,444,480,12,25,1388,20
3790,EQ-02,2021-08-05,385,480,42,28,1478,5
3791,EQ-03,2021-08-05,385,480,13,15,1677,13
3792,EQ-04,2021-08-05,411,480,34,26,1651,15
3793,EQ-01,2021-08-06,391,480,33,23,1542,9
3794,EQ-02,2021-08-06,431,480,34,18,1241,18
3795,EQ-03,2021-08-06,399,480,27,22,1329,16
3796,EQ-04,2021-08-06,464,480,13,26,1317,10
3797,EQ-01,2021-08-07,230,240,23,15,446,7
3798,EQ-02,2021-08-07,182,240,22,15,532,2
3799,EQ-03,2021-08-07,220,240,20,15,363,5
3800,EQ-04,2021-08-07,193,240,12,15,455,6
3801,EQ-01,2021-08-08,219,240,22,15,467,6
3802,EQ-02,2021-08-08,202,240,5,15,547,6
3803,EQ-03,2021-08-08,229,240,25,15,593,8
3804,EQ-04,2021-08-08,213,240,10,15,382,2
3805,EQ-01,2021-08-09,387,480,27,16,1125,17
3806,EQ-02,2021-08-09,412,480,43,18,1569,21
3807,EQ-03,2021-08-09,474,480,10,23,1640,13
3808,EQ-04,2021-08-09,462,480,21,30,1510,12
3809,EQ-01,2021-08-10,446,480,22,27,1192,21
3810,EQ-02,2021-08-10,462,480,14,27,1274,12
3811,EQ-03,2021-08-10,399,480,14,19,1409,24
3812,EQ-04,2021-08-10,466,480,28,20,1534,23
3813,EQ-01,2021-08-11,462,480,29,28,1304,10
3814,EQ-02,2021-08-11,382,480,25,28,1133,16
3815,EQ-03,2021-08-11,472,480,43,28,1219,8
3816,EQ-04,2021-08-11,419,480,26,17,1473,6
3817,EQ-01,2021-08-12,429,480,28,27,1160,16
3818,EQ-02,2021-08-12,385,480,21,27,1234,16
3819,EQ-03,2021-08-12,404,480,11,17,1481,17
3820,EQ-04,2021-08-12,417,480,42,15,1231,8
3821,EQ-01,2021-08-13,446,480,21,23,1339,9
3822,EQ-02,2021-08-13,439,480,13,25,1038,14
3823,EQ-03,2021-08-13,467,480,13,24,1244,11
3824,EQ-04,2021-08-13,407,480,23,26,1198,21
3825,EQ-01,2021-08-14,196,240,23,15,430,7
3826,EQ-02,2021-08-14,187,240,17,15,536,3
3827,EQ-03,2021-08-14,189,240,8,15,373,2
3828,EQ-04,2021-08-14,225,240,24,15,466,6
3829,EQ-01,2021-08-15,209,240,8,15,489,2
3830,EQ-02,2021-08-15,218,240,11,15,411,6
3831,EQ-03,2021-08-15,185,240,25,15,523,3
3832,EQ-04,2021-08-15,211,240,11,15,384,5
3833,EQ-01,2021-08-16,462,480,30,22,1040,18
3834,EQ-02,2021-08-16,384,480,14,17,1626,21
3835,EQ-03,2021-08-16,443,480,30,27,1097,19
3836,EQ-04,2021-08-16,444,480,36,15,1010,10
3837,EQ-01,2021-08-17,406,480,11,15,1600,8
3838,EQ-02,2021-08-17,422,480,36,18,1562,9
3839,EQ-03,2021-08-17,456,480,43,15,1250,17
3840,EQ-04,2021-08-17,422,480,40,30,1270,14
3841,EQ-01,2021-08-18,456,480,17,28,1003,24
3842,EQ-02,2021-08-18,467,480,23,27,1376,24
3843,EQ-03,2021-08-18,424,480,18,16,1078,14
3844,EQ-04,2021-08-18,457,480,14,18,1538,25
3845,EQ-01,2021-08-19,453,480,28,18,1552,14
3846,EQ-02,2021-08-19,408,480,24,27,1542,20
3847,EQ-03,2021-08-19,423,480,11,19,1417,11
3848,EQ-04,2021-08-19,401,480,20,21,1621,24
3849,EQ-01,2021-08-20,444,480,19,17,1245,19
3850,EQ-02,2021-08-20,415,480,31,25,1428,7
3851,EQ-03,2021-08-20,391,480,26,16,1301,9
3852,EQ-04,2021-08-20,446,480,44,28,1043,16
3853,EQ-01,2021-08-21,220,240,5,15,549,8
3854,EQ-02,2021-08-21,201,240,12,15,476,5
3855,EQ-03,2021-08-21,207,240,18,15,597,8
3856,EQ-04,2021-08-21,227,240,6,15,482,7
3857,EQ-01,2021-08-22,186,240,8,15,541,3
3858,EQ-02,2021-08-22,192,240,6,15,483,3
3859,EQ-03,2021-08-22,228,240,5,15,448,3
3860,EQ-04,2021-08-22,186,240,10,15,546,3
3861,EQ-01,2021-08-23,435,480,42,20,1446,23
3862,EQ-02,2021-08-23,393,480,41,30,1434,22
3863,EQ-03,2021-08-23,462,480,19,21,1537,13
3864,EQ-04,2021-08-23,417,480,12,18,1247,14
3865,EQ-01,2021-08-24,450,480,10,29,1198,15
3866,EQ-02,2021-08-24,418,480,25,30,1683,22
3867,EQ-03,2021-08-24,474,480,43,19,1417,6
3868,EQ-04,2021-08-24,407,480,24,26,1629,8
3869,EQ-01,2021-08-25,386,480,16,26,1462,5
3870,EQ-02,2021-08-25,457,480,13,26,1578,23
3871,EQ-03,2021-08-25,470,480,14,24,1292,23
3872,EQ-04,2021-08-25,403,480,11,29,1261,23
3873,EQ-01,2021-08-26,401,480,35,28,1639,23
3874,EQ-02,2021-08-26,428,480,28,29,1091,21
3875,EQ-03,2021-08-26,417,480,19,26,1593,17
3876,EQ-04,2021-08-26,461,480,25,19,1338,23
3877,EQ-01,2021-08-27,393,480,28,15,1512,14
3878,EQ-02,2021-08-27,452,480,22,20,1194,8
3879,EQ-03,2021-08-27,403,480,24,24,1144,18
3880,EQ-04,2021-08-27,431,480,45,16,1417,24
3881,EQ-01,2021-08-28,224,240,5,15,492,5
3882,EQ-02,2021-08-28,189,240,17,15,513,2
3883,EQ-03,2021-08-28,209,240,18,15,598,2
3884,EQ-04,2021-08-28,221,240,19,15,394,7
3885,EQ-01,2021-08-29,193,240,14,15,493,7
3886,EQ-02,2021-08-29,194,240,21,15,505,3
3887,EQ-03,2021-08-29,200,240,24,15,582,4
3888,EQ-04,2021-08-29,221,240,12,15,580,6
3889,EQ-01,2021-08-30,397,480,45,15,1291,5
3890,EQ-02,2021-08-30,424,480,36,18,1145,23
3891,EQ-03,2021-08-30,458,480,37,25,1030,22
3892,EQ-04,2021-08-30,398,480,35,26,1557,9
3893,EQ-01,2021-08-31,435,480,27,17,1563,17
3894,EQ-02,2021-08-31,453,480,34,26,1416,25
3895,EQ-03,2021-08-31,389,480,23,15,1575,20
3896,EQ-04,2021-08-31,434,480,16,19,1194,21
3897,EQ-01,2021-09-01,420,480,31,18,1257,11
3898,EQ-02,2021-09-01,414,480,35,19,1246,23
3899,EQ-03,2021-09-01,419,480,42,23,1641,6
3900,EQ-04,2021-09-01,383,480,20,30,1229,5
3901,EQ-01,2021-09-02,380,480,42,28,1614,17
3902,EQ-02,2021-09-02,429,480,14,16,1119,17
3903,EQ-03,2021-09-02,444,480,22,17,1083,11
3904,EQ-04,2021-09-02,458,480,31,15,1049,7
3905,EQ-01,2021-09-03,428,480,43,16,1626,25
3906,EQ-02,2021-09-03,389,480,30,16,1464,18
3907,EQ-03,2021-09-03,405,480,38,28,1642,9
3908,EQ-04,2021-09-03,415,480,27,15,1507,19
3909,EQ-01,2021-09-04,183,240,19,15,576,3
3910,EQ-02,2021-09-04,226,240,17,15,545,8
3911,EQ-03,2021-09-04,206,240,9,15,502,3
3912,EQ-04,2021-09-04,202,240,5,15,492,8
3913,EQ-01,2021-09-05,185,240,20,15,535,7
3914,EQ-02,2021-09-05,210,240,17,15,586,2
3915,EQ-03,2021-09-05,190,240,23,15,529,6
3916,EQ-04,2021-09-05,184,240,13,15,355,5
3917,EQ-01,2021-09-06,447,480,44,23,1068,11
3918,EQ-02,2021-09-06,405,480,22,29,1237,7
3919,EQ-03,2021-09-06,396,480,30,26,1175,11
3920,EQ-04,2021-09-06,424,480,35,18,1478,22
3921,EQ-01,2021-09-07,390,480,39,15,1209,10
3922,EQ-02,2021-09-07,466,480,16,17,1617,10
3923,EQ-03,2021-09-07,380,480,34,18,1224,18
3924,EQ-04,2021-09-07,410,480,42,25,1135,19
3925,EQ-01,2021-09-08,443,480,44,26,1385,8
3926,EQ-02,2021-09-08,404,480,23,29,1076,22
3927,EQ-03,2021-09-08,417,480,29,23,1606,6
3928,EQ-04,2021-09-08,472,480,20,25,1048,9
3929,EQ-01,2021-09-09,430,480,28,16,1096,18
3930,EQ-02,2021-09-09,415,480,28,16,1242,19
3931,EQ-03,2021-09-09,406,480,26,18,1407,20
3932,EQ-04,2021-09-09,448,480,16,19,1474,20
3933,EQ-01,2021-09-10,465,480,42,20,1191,7
3934,EQ-02,2021-09-10,381,480,20,17,1503,23
3935,EQ-03,2021-09-10,448,480,21,18,1643,11
3936,EQ-04,2021-09-10,413,480,43,28,1175,23
3937,EQ-01,2021-09-11,214,240,15,15,538,8
3938,EQ-02,2021-09-11,211,240,24,15,462,3
3939,EQ-03,2021-09-11,228,240,18,15,571,8
3940,EQ-04,2021-09-11,194,240,22,15,412,2
3941,EQ-01,2021-09-12,212,240,10,15,489,7
3942,EQ-02,2021-09-12,194,240,23,15,542,5
3943,EQ-03,2021-09-12,224,240,23,15,489,7
3944,EQ-04,2021-09-12,187,240,19,15,472,7
3945,EQ-01,2021-09-13,410,480,35,19,1015,16
3946,EQ-02,2021-09-13,380,480,34,19,1086,10
3947,EQ-03,2021-09-13,403,480,24,26,1335,10
3948,EQ-04,2021-09-13,391,480,35,26,1015,15
3949,EQ-01,2021-09-14,449,480,38,18,1271,17
3950,EQ-02,2021-09-14,452,480,19,17,1535,25
3951,EQ-03,2021-09-14,402,480,14,19,1335,23
3952,EQ-04,2021-09-14,430,480,39,16,1570,23
3953,EQ-01,2021-09-15,448,480,27,22,1440,24
3954,EQ-02,2021-09-15,457,480,44,24,1559,5
3955,EQ-03,2021-09-15,400,480,18,16,1338,6
3956,EQ-04,2021-09-15,457,480,24,28,1612,13
3957,EQ-01,2021-09-16,444,480,28,19,1305,24
3958,EQ-02,2021-09-16,423,480,42,17,1662,7
3959,EQ-03,2021-09-16,416,480,32,29,1641,22
3960,EQ-04,2021-09-16,444,480,39,16,1670,19
3961,EQ-01,2021-09-17,391,480,32,20,1240,22
3962,EQ-02,2021-09-17,431,480,38,27,1489,11
3963,EQ-03,2021-09-17,449,480,21,15,1630,19
3964,EQ-04,2021-09-17,415,480,34,17,1628,7
3965,EQ-01,2021-09-18,226,240,25,15,519,5
3966,EQ-02,2021-09-18,211,240,24,15,486,5
3967,EQ-03,2021-09-18,204,240,22,15,388,8
3968,EQ-04,2021-09-18,219,240,23,15,584,5
3969,EQ-01,2021-09-19,212,240,20,15,533,8
3970,EQ-02,2021-09-19,189,240,9,15,431,6
3971,EQ-03,2021-09-19,216,240,11,15,476,7
3972,EQ-04,2021-09-19,182,240,25,15,486,4
3973,EQ-01,2021-09-20,467,480,43,15,1408,25
3974,EQ-02,2021-09-20,403,480,25,26,1053,13
3975,EQ-03,2021-09-20,383,480,33,27,1390,24
3976,EQ-04,2021-09-20,422,480,39,16,1031,8
3977,EQ-01,2021-09-21,401,480,27,20,1350,16
3978,EQ-02,2021-09-21,414,480,26,20,1536,17
3979,EQ-03,2021-09-21,438,480,35,21,1143,16
3980,EQ-04,2021-09-21,458,480,28,20,1653,12
3981,EQ-01,2021-09-22,461,480,18,23,1400,12
3982,EQ-02,2021-09-22,393,480,31,27,1168,13
3983,EQ-03,2021-09-22,403,480,44,25,1494,10
3984,EQ-04,2021-09-22,453,480,20,27,1603,12
3985,EQ-01,2021-09-23,457,480,33,18,1228,21
3986,EQ-02,2021-09-23,393,480,45,27,1378,16
3987,EQ-03,2021-09-23,383,480,41,23,1395,22
3988,EQ-04,2021-09-23,421,480,11,25,1499,14
3989,EQ-01,2021-09-24,413,480,24,15,1198,14
3990,EQ-02,2021-09-24,460,480,17,17,1115,20
3991,EQ-03,2021-09-24,456,480,40,20,1048,11
3992,EQ-04,2021-09-24,446,480,31,22,1275,6
3993,EQ-01,2021-09-25,185,240,16,15,403,5
3994,EQ-02,2021-09-25,199,240,7,15,433,4
3995,EQ-03,2021-09-25,209,240,8,15,433,8
3996,EQ-04,2021-09-25,200,240,11,15,377,3
3997,EQ-01,2021-09-26,226,240,10,15,443,6
3998,EQ-02,2021-09-26,193,240,18,15,471,7
3999,EQ-03,2021-09-26,213,240,8,15,410,8
4000,EQ-04,2021-09-26,207,240,19,15,567,4
4001,EQ-01,2021-09-27,385,480,11,23,1153,25
4002,EQ-02,2021-09-27,393,480,28,17,1036,16
4003,EQ-03,2021-09-27,402,480,39,27,1630,21
4004,EQ-04,2021-09-27,395,480,43,30,1574,6
4005,EQ-01,2021-09-28,457,480,18,30,1006,13
4006,EQ-02,2021-09-28,426,480,18,22,1526,21
4007,EQ-03,2021-09-28,451,480,32,27,1166,9
4008,EQ-04,2021-09-28,422,480,45,28,1426,6
4009,EQ-01,2021-09-29,421,480,42,28,1460,22
4010,EQ-02,2021-09-29,436,480,27,24,1171,9
4011,EQ-03,2021-09-29,443,480,31,25,1685,13
4012,EQ-04,2021-09-29,449,480,31,28,1372,15
4013,EQ-01,2021-09-30,471,480,28,20,1514,9
4014,EQ-02,2021-09-30,418,480,17,17,1438,15
4015,EQ-03,2021-09-30,383,480,18,15,1040,6
4016,EQ-04,2021-09-30,399,480,29,26,1654,12
4017,EQ-01,2021-10-01,455,480,24,17,1242,9
4018,EQ-02,2021-10-01,462,480,17,25,1324,7
4019,EQ-03,2021-10-01,406,480,10,25,1348,20
4020,EQ-04,2021-10-01,384,480,43,21,1648,25
4021,EQ-01,2021-10-02,207,240,22,15,538,3
4022,EQ-02,2021-10-02,223,240,8,15,422,4
4023,EQ-03,2021-10-02,198,240,21,15,484,6
4024,EQ-04,2021-10-02,204,240,17,15,500,6
4025,EQ-01,2021-10-03,225,240,20,15,386,5
4026,EQ-02,2021-10-03,194,240,18,15,464,7
4027,EQ-03,2021-10-03,221,240,18,15,388,7
4028,EQ-04,2021-10-03,227,240,10,15,585,4
4029,EQ-01,2021-10-04,447,480,23,20,1556,8
4030,EQ-02,2021-10-04,474,480,18,21,1064,9
4031,EQ-03,2021-10-04,405,480,19,15,1641,14
4032,EQ-04,2021-10-04,459,480,15,16,1386,5
4033,EQ-01,2021-10-05,391,480,43,22,1425,13
4034,EQ-02,2021-10-05,442,480,20,21,1566,19
4035,EQ-03,2021-10-05,424,480,11,20,1482,17
4036,EQ-04,2021-10-05,446,480,15,29,1181,10
4037,EQ-01,2021-10-06,424,480,40,29,1328,13
4038,EQ-02,2021-10-06,475,480,33,23,1495,9
4039,EQ-03,2021-10-06,428,480,19,16,1333,9
4040,EQ-04,2021-10-06,459,480,15,29,1391,22
4041,EQ-01,2021-10-07,410,480,16,27,1054,22
4042,EQ-02,2021-10-07,403,480,38,18,1660,20
4043,EQ-03,2021-10-07,402,480,14,29,1220,11
4044,EQ-04,2021-10-07,436,480,23,20,1029,15
4045,EQ-01,2021-10-08,403,480,21,19,1590,23
4046,EQ-02,2021-10-08,458,480,23,28,1175,8
4047,EQ-03,2021-10-08,473,480,37,25,1673,23
4048,EQ-04,2021-10-08,389,480,29,22,1566,22
4049,EQ-01,2021-10-09,189,240,12,15,579,3
4050,EQ-02,2021-10-09,200,240,25,15,443,7
4051,EQ-03,2021-10-09,195,240,23,15,569,6
4052,EQ-04,2021-10-09,193,240,15,15,492,4
4053,EQ-01,2021-10-10,197,240,18,15,381,5
4054,EQ-02,2021-10-10,226,240,25,15,468,7
4055,EQ-03,2021-10-10,227,240,20,15,406,3
4056,EQ-04,2021-10-10,205,240,14,15,413,2
4057,EQ-01,2021-10-11,453,480,31,23,1259,23
4058,EQ-02,2021-10-11,443,480,17,20,1457,24
4059,EQ-03,2021-10-11,454,480,38,15,1191,23
4060,EQ-04,2021-10-11,402,480,38,17,1165,6
4061,EQ-01,2021-10-12,422,480,25,29,1539,20
4062,EQ-02,2021-10-12,421,480,18,22,1133,9
4063,EQ-03,2021-10-12,397,480,33,27,1055,22
4064,EQ-04,2021-10-12,413,480,45,30,1621,19
4065,EQ-01,2021-10-13,436,480,32,21,1381,21
4066,EQ-02,2021-10-13,425,480,21,22,1652,22
4067,EQ-03,2021-10-13,430,480,13,16,1206,5
4068,EQ-04,2021-10-13,415,480,29,22,1397,25
4069,EQ-01,2021-10-14,390,480,30,18,1471,7
4070,EQ-02,2021-10-14,424,480,20,21,1584,7
4071,EQ-03,2021-10-14,382,480,19,20,1600,16
4072,EQ-04,2021-10-14,464,480,11,17,1310,11
4073,EQ-01,2021-10-15,441,480,27,21,1058,24
4074,EQ-02,2021-10-15,405,480,10,28,1481,7
4075,EQ-03,2021-10-15,406,480,41,17,1623,8
4076,EQ-04,2021-10-15,398,480,35,16,1648,9
4077,EQ-01,2021-10-16,226,240,9,15,379,3
4078,EQ-02,2021-10-16,190,240,8,15,571,7
4079,EQ-03,2021-10-16,224,240,19,15,454,5
4080,EQ-04,2021-10-16,228,240,9,15,363,2
4081,EQ-01,2021-10-17,218,240,7,15,379,2
4082,EQ-02,2021-10-17,204,240,17,15,376,3
4083,EQ-03,2021-10-17,191,240,6,15,380,6
4084,EQ-04,2021-10-17,226,240,6,15,464,3
4085,EQ-01,2021-10-18,472,480,31,29,1254,11
4086,EQ-02,2021-10-18,459,480,23,16,1300,23
4087,EQ-03,2021-10-18,404,480,37,27,1345,11
4088,EQ-04,2021-10-18,448,480,10,20,1466,25
4089,EQ-01,2021-10-19,465,480,29,18,1153,14
4090,EQ-02,2021-10-19,402,480,16,17,1291,5
4091,EQ-03,2021-10-19,451,480,35,19,1345,5
4092,EQ-04,2021-10-19,453,480,30,19,1153,24
4093,EQ-01,2021-10-20,416,480,34,19,1017,23
4094,EQ-02,2021-10-20,404,480,33,26,1389,7
4095,EQ-03,2021-10-20,474,480,10,21,1682,23
4096,EQ-04,2021-10-20,456,480,32,19,1597,20
4097,EQ-01,2021-10-21,382,480,16,22,1464,8
4098,EQ-02,2021-10-21,398,480,27,21,1434,16
4099,EQ-03,2021-10-21,450,480,30,26,1396,14
4100,EQ-04,2021-10-21,396,480,23,15,1265,7
4101,EQ-01,2021-10-22,475,480,19,15,1144,20
4102,EQ-02,2021-10-22,458,480,20,30,1236,22
4103,EQ-03,2021-10-22,436,480,15,28,1436,23
4104,EQ-04,2021-10-22,416,480,43,18,1350,15
4105,EQ-01,2021-10-23,194,240,14,15,358,3
4106,EQ-02,2021-10-23,183,240,8,15,354,6
4107,EQ-03,2021-10-23,203,240,17,15,594,5
4108,EQ-04,2021-10-23,216,240,25,15,465,4
4109,EQ-01,2021-10-24,207,240,14,15,509,2
4110,EQ-02,2021-10-24,203,240,19,15,501,7
4111,EQ-03,2021-10-24,229,240,16,15,445,4
4112,EQ-04,2021-10-24,207,240,10,15,592,3
4113,EQ-01,2021-10-25,412,480,40,18,1140,13
4114,EQ-02,2021-10-25,439,480,37,15,1113,6
4115,EQ-03,2021-10-25,451,480,13,18,1526,8
4116,EQ-04,2021-10-25,384,480,23,15,1422,22
4117,EQ-01,2021-10-26,409,480,16,29,1408,13
4118,EQ-02,2021-10-26,391,480,41,20,1433,21
4119,EQ-03,2021-10-26,385,480,44,15,1529,8
4120,EQ-04,2021-10-26,473,480,33,29,1109,9
4121,EQ-01,2021-10-27,455,480,11,18,1350,6
4122,EQ-02,2021-10-27,439,480,15,21,1520,6
4123,EQ-03,2021-10-27,432,480,38,18,1252,6
4124,EQ-04,2021-10-27,439,480,24,25,1081,6
4125,EQ-01,2021-10-28,416,480,33,23,1503,14
4126,EQ-02,2021-10-28,405,480,35,20,1116,11
4127,EQ-03,2021-10-28,383,480,11,28,1186,16
4128,EQ-04,2021-10-28,448,480,43,26,1457,18
4129,EQ-01,2021-10-29,470,480,37,23,1508,5
4130,EQ-02,2021-10-29,406,480,17,15,1341,11
4131,EQ-03,2021-10-29,465,480,22,27,1160,19
4132,EQ-04,2021-10-29,412,480,37,27,1447,9
4133,EQ-01,2021-10-30,185,240,16,15,499,2
4134,EQ-02,2021-10-30,213,240,12,15,562,3
4135,EQ-03,2021-10-30,224,240,20,15,354,2
4136,EQ-04,2021-10-30,183,240,13,15,453,5
4137,EQ-01,2021-10-31,207,240,8,15,429,4
4138,EQ-02,2021-10-31,220,240,23,15,356,8
4139,EQ-03,2021-10-31,184,240,8,15,362,5
4140,EQ-04,2021-10-31,217,240,20,15,520,5
4141,EQ-01,2021-11-01,395,480,26,16,1020,25
4142,EQ-02,2021-11-01,413,480,25,17,1576,25
4143,EQ-03,2021-11-01,469,480,27,15,1322,12
4144,EQ-04,2021-11-01,465,480,14,25,1176,6
4145,EQ-01,2021-11-02,412,480,42,16,1603,14
4146,EQ-02,2021-11-02,462,480,41,27,1620,21
4147,EQ-03,2021-11-02,443,480,24,17,1203,19
4148,EQ-04,2021-11-02,455,480,38,18,1424,17
4149,EQ-01,2021-11-03,457,480,45,24,1104,18
4150,EQ-02,2021-11-03,407,480,41,24,1050,20
4151,EQ-03,2021-11-03,402,480,30,28,1187,11
4152,EQ-04,2021-11-03,455,480,28,18,1625,19
4153,EQ-01,2021-11-04,413,480,20,28,1676,9
4154,EQ-02,2021-11-04,383,480,23,29,1052,21
4155,EQ-03,2021-11-04,438,480,44,20,1108,7
4156,EQ-04,2021-11-04,432,480,13,20,1676,5
4157,EQ-01,2021-11-05,460,480,26,18,1558,7
4158,EQ-02,2021-11-05,410,480,33,29,1150,8
4159,EQ-03,2021-11-05,390,480,38,15,1550,21
4160,EQ-04,2021-11-05,460,480,28,15,1072,22
4161,EQ-01,2021-11-06,205,240,13,15,427,6
4162,EQ-02,2021-11-06,188,240,10,15,544,2
4163,EQ-03,2021-11-06,208,240,16,15,483,6
4164,EQ-04,2021-11-06,227,240,12,15,496,5
4165,EQ-01,2021-11-07,212,240,16,15,462,2
4166,EQ-02,2021-11-07,214,240,10,15,365,8
4167,EQ-03,2021-11-07,181,240,13,15,488,2
4168,EQ-04,2021-11-07,206,240,20,15,431,5
4169,EQ-01,2021-11-08,465,480,15,20,1193,17
4170,EQ-02,2021-11-08,452,480,15,24,1609,17
4171,EQ-03,2021-11-08,391,480,15,20,1523,20
4172,EQ-04,2021-11-08,466,480,27,20,1614,18
4173,EQ-01,2021-11-09,451,480,42,19,1474,17
4174,EQ-02,2021-11-09,454,480,40,16,1273,6
4175,EQ-03,2021-11-09,455,480,32,22,1120,13
4176,EQ-04,2021-11-09,391,480,37,18,1363,18
4177,EQ-01,2021-11-10,385,480,41,22,1181,20
4178,EQ-02,2021-11-10,416,480,45,22,1341,17
4179,EQ-03,2021-11-10,425,480,16,29,1594,25
4180,EQ-04,2021-11-10,430,480,21,24,1655,6
4181,EQ-01,2021-11-11,457,480,36,24,1624,17
4182,EQ-02,2021-11-11,429,480,44,22,1271,24
4183,EQ-03,2021-11-11,434,480,11,23,1463,21
4184,EQ-04,2021-11-11,419,480,19,17,1454,5
4185,EQ-01,2021-11-12,399,480,45,25,1104,17
4186,EQ-02,2021-11-12,454,480,25,28,1281,22
4187,EQ-03,2021-11-12,453,480,24,23,1547,17
4188,EQ-04,2021-11-12,385,480,37,19,1264,17
4189,EQ-01,2021-11-13,213,240,19,15,504,6
4190,EQ-02,2021-11-13,184,240,18,15,355,6
4191,EQ-03,2021-11-13,184,240,7,15,426,2
4192,EQ-04,2021-11-13,193,240,8,15,500,8
4193,EQ-01,2021-11-14,226,240,12,15,441,7
4194,EQ-02,2021-11-14,228,240,24,15,513,8
4195,EQ-03,2021-11-14,190,240,11,15,532,5
4196,EQ-04,2021-11-14,186,240,12,15,404,5
4197,EQ-01,2021-11-15,472,480,36,15,1349,10
4198,EQ-02,2021-11-15,411,480,12,23,1328,22
4199,EQ-03,2021-11-15,445,480,16,27,1340,5
4200,EQ-04,2021-11-15,401,480,33,23,1309,20
4201,EQ-01,2021-11-16,398,480,26,18,1631,8
4202,EQ-02,2021-11-16,434,480,30,16,1197,14
4203,EQ-03,2021-11-16,415,480,11,28,1411,7
4204,EQ-04,2021-11-16,440,480,40,17,1528,9
4205,EQ-01,2021-11-17,469,480,26,16,1559,22
4206,EQ-02,2021-11-17,473,480,10,27,1472,22
4207,EQ-03,2021-11-17,398,480,16,23,1081,19
4208,EQ-04,2021-11-17,414,480,36,18,1231,15
4209,EQ-01,2021-11-18,459,480,21,27,1641,17
4210,EQ-02,2021-11-18,413,480,44,28,1631,22
4211,EQ-03,2021-11-18,459,480,25,27,1633,22
4212,EQ-04,2021-11-18,436,480,29,27,1580,14
4213,EQ-01,2021-11-19,468,480,15,25,1348,23
4214,EQ-02,2021-11-19,413,480,30,16,1113,8
4215,EQ-03,2021-11-19,458,480,18,20,1059,20
4216,EQ-04,2021-11-19,426,480,25,27,1045,16
4217,EQ-01,2021-11-20,187,240,7,15,471,2
4218,EQ-02,2021-11-20,207,240,6,15,408,8
4219,EQ-03,2021-11-20,218,240,22,15,542,8
4220,EQ-04,2021-11-20,215,240,17,15,403,5
4221,EQ-01,2021-11-21,200,240,12,15,455,7
4222,EQ-02,2021-11-21,221,240,9,15,375,6
4223,EQ-03,2021-11-21,217,240,13,15,433,4
4224,EQ-04,2021-11-21,218,240,6,15,447,5
4225,EQ-01,2021-11-22,380,480,13,15,1608,25
4226,EQ-02,2021-11-22,418,480,43,23,1183,6
4227,EQ-03,2021-11-22,467,480,27,28,1441,20
4228,EQ-04,2021-11-22,413,480,20,15,1318,15
4229,EQ-01,2021-11-23,423,480,44,15,1584,19
4230,EQ-02,2021-11-23,419,480,30,22,1196,21
4231,EQ-03,2021-11-23,457,480,11,28,1133,12
4232,EQ-04,2021-11-23,427,480,26,27,1390,9
4233,EQ-01,2021-11-24,461,480,21,28,1344,14
4234,EQ-02,2021-11-24,386,480,16,27,1647,15
4235,EQ-03,2021-11-24,457,480,32,22,1054,5
4236,EQ-04,2021-11-24,468,480,37,20,1191,8
4237,EQ-01,2021-11-25,402,480,19,24,1185,19
4238,EQ-02,2021-11-25,434,480,40,30,1318,17
4239,EQ-03,2021-11-25,397,480,30,17,1399,5
4240,EQ-04,2021-11-25,393,480,15,20,1287,8
4241,EQ-01,2021-11-26,391,480,33,23,1546,21
4242,EQ-02,2021-11-26,461,480,34,16,1006,22
4243,EQ-03,2021-11-26,381,480,16,30,1602,21
4244,EQ-04,2021-11-26,430,480,40,30,1572,9
4245,EQ-01,2021-11-27,192,240,7,15,394,6
4246,EQ-02,2021-11-27,218,240,16,15,463,8
4247,EQ-03,2021-11-27,180,240,13,15,464,3
4248,EQ-04,2021-11-27,225,240,18,15,552,4
4249,EQ-01,2021-11-28,190,240,25,15,557,5
4250,EQ-02,2021-11-28,184,240,9,15,536,2
4251,EQ-03,2021-11-28,190,240,6,15,402,6
4252,EQ-04,2021-11-28,196,240,12,15,538,8
4253,EQ-01,2021-11-29,441,480,31,22,1440,16
4254,EQ-02,2021-11-29,469,480,34,16,1472,22
4255,EQ-03,2021-11-29,424,480,20,26,1271,21
4256,EQ-04,2021-11-29,402,480,29,19,1126,22
4257,EQ-01,2021-11-30,468,480,24,25,1259,16
4258,EQ-02,2021-11-30,414,480,13,16,1692,18
4259,EQ-03,2021-11-30,412,480,29,26,1292,25
4260,EQ-04,2021-11-30,439,480,31,19,1201,7
4261,EQ-01,2021-12-01,394,480,18,21,1157,19
4262,EQ-02,2021-12-01,416,480,44,30,1698,24
4263,EQ-03,2021-12-01,473,480,15,29,1448,17
4264,EQ-04,2021-12-01,406,480,25,24,1660,25
4265,EQ-01,2021-12-02,466,480,20,30,1173,5
4266,EQ-02,2021-12-02,404,480,45,27,1173,7
4267,EQ-03,2021-12-02,440,480,32,15,1670,22
4268,EQ-04,2021-12-02,387,480,14,27,1252,6
4269,EQ-01,2021-12-03,412,480,31,21,1033,17
4270,EQ-02,2021-12-03,421,480,44,19,1273,24
4271,EQ-03,2021-12-03,419,480,10,16,1649,8
4272,EQ-04,2021-12-03,436,480,40,24,1526,7
4273,EQ-01,2021-12-04,197,240,13,15,415,7
4274,EQ-02,2021-12-04,203,240,13,15,417,5
4275,EQ-03,2021-12-04,183,240,22,15,403,8
4276,EQ-04,2021-12-04,214,240,16,15,526,2
4277,EQ-01,2021-12-05,210,240,24,15,508,3
4278,EQ-02,2021-12-05,208,240,22,15,377,2
4279,EQ-03,2021-12-05,221,240,25,15,543,8
4280,EQ-04,2021-12-05,226,240,15,15,411,7
4281,EQ-01,2021-12-06,456,480,17,19,1549,19
4282,EQ-02,2021-12-06,444,480,42,23,1551,17
4283,EQ-03,2021-12-06,459,480,37,19,1613,6
4284,EQ-04,2021-12-06,419,480,30,30,1592,9
4285,EQ-01,2021-12-07,441,480,16,23,1460,9
4286,EQ-02,2021-12-07,412,480,34,22,1037,7
4287,EQ-03,2021-12-07,473,480,44,27,1258,10
4288,EQ-04,2021-12-07,414,480,18,21,1570,25
4289,EQ-01,2021-12-08,408,480,38,20,1533,12
4290,EQ-02,2021-12-08,410,480,16,19,1115,25
4291,EQ-03,2021-12-08,464,480,45,30,1030,17
4292,EQ-04,2021-12-08,400,480,23,20,1529,21
4293,EQ-01,2021-12-09,386,480,45,21,1171,9
4294,EQ-02,2021-12-09,395,480,12,18,1015,10
4295,EQ-03,2021-12-09,409,480,21,15,1016,7
4296,EQ-04,2021-12-09,468,480,43,27,1472,18
4297,EQ-01,2021-12-10,428,480,17,16,1030,21
4298,EQ-02,2021-12-10,460,480,45,30,1395,8
4299,EQ-03,2021-12-10,381,480,45,17,1302,11
4300,EQ-04,2021-12-10,427,480,34,17,1295,6
4301,EQ-01,2021-12-11,226,240,12,15,579,6
4302,EQ-02,2021-12-11,198,240,15,15,516,3
4303,EQ-03,2021-12-11,221,240,7,15,500,6
4304,EQ-04,2021-12-11,228,240,6,15,551,5
4305,EQ-01,2021-12-12,197,240,18,15,550,8
4306,EQ-02,2021-12-12,192,240,15,15,429,5
4307,EQ-03,2021-12-12,223,240,8,15,358,2
4308,EQ-04,2021-12-12,209,240,17,15,584,3
4309,EQ-01,2021-12-13,422,480,34,29,1076,15
4310,EQ-02,2021-12-13,382,480,12,28,1443,17
4311,EQ-03,2021-12-13,434,480,27,17,1075,5
4312,EQ-04,2021-12-13,462,480,35,26,1306,7
4313,EQ-01,2021-12-14,470,480,15,22,1288,5
4314,EQ-02,2021-12-14,437,480,44,25,1102,17
4315,EQ-03,2021-12-14,458,480,27,30,1042,21
4316,EQ-04,2021-12-14,458,480,10,26,1575,11
4317,EQ-01,2021-12-15,435,480,36,21,1301,22
4318,EQ-02,2021-12-15,398,480,34,27,1163,17
4319,EQ-03,2021-12-15,457,480,39,15,1540,12
4320,EQ-04,2021-12-15,449,480,37,18,1483,21
4321,EQ-01,2021-12-16,467,480,41,17,1372,5
4322,EQ-02,2021-12-16,427,480,37,20,1371,19
4323,EQ-03,2021-12-16,389,480,39,27,1023,24
4324,EQ-04,2021-12-16,410,480,18,15,1089,9
4325,EQ-01,2021-12-17,435,480,32,29,1646,21
4326,EQ-02,2021-12-17,453,480,45,20,1389,5
4327,EQ-03,2021-12-17,418,480,15,15,1585,16
4328,EQ-04,2021-12-17,397,480,14,29,1369,15
4329,EQ-01,2021-12-18,212,240,15,15,598,2
4330,EQ-02,2021-12-18,209,240,20,15,466,4
4331,EQ-03,2021-12-18,225,240,7,15,521,7
4332,EQ-04,2021-12-18,188,240,20,15,425,5
4333,EQ-01,2021-12-19,218,240,10,15,550,2
4334,EQ-02,2021-12-19,186,240,22,15,522,8
4335,EQ-03,2021-12-19,221,240,22,15,387,4
4336,EQ-04,2021-12-19,185,240,24,15,532,6
4337,EQ-01,2021-12-20,431,480,18,28,1272,10
4338,EQ-02,2021-12-20,400,480,19,30,1342,21
4339,EQ-03,2021-12-20,455,480,14,29,1054,13
4340,EQ-04,2021-12-20,472,480,33,23,1135,8
4341,EQ-01,2021-12-21,450,480,32,24,1381,20
4342,EQ-02,2021-12-21,385,480,30,28,1517,9
4343,EQ-03,2021-12-21,380,480,19,19,1375,20
4344,EQ-04,2021-12-21,380,480,11,16,1064,25
4345,EQ-01,2021-12-22,431,480,24,25,1419,13
4346,EQ-02,2021-12-22,397,480,27,30,1181,21
4347,EQ-03,2021-12-22,472,480,27,15,1059,7
4348,EQ-04,2021-12-22,403,480,20,23,1463,12
4349,EQ-01,2021-12-23,429,480,44,26,1006,20
4350,EQ-02,2021-12-23,388,480,13,26,1575,25
4351,EQ-03,2021-12-23,469,480,13,17,1118,23
4352,EQ-04,2021-12-23,427,480,10,20,1474,8
4353,EQ-01,2021-12-24,464,480,15,25,1190,18
4354,EQ-02,2021-12-24,390,480,12,26,1232,19
4355,EQ-03,2021-12-24,386,480,18,21,1044,6
4356,EQ-04,2021-12-24,439,480,14,28,1607,15
4357,EQ-01,2021-12-25,223,240,5,15,351,5
4358,EQ-02,2021-12-25,196,240,25,15,372,6
4359,EQ-03,2021-12-25,216,240,14,15,493,7
4360,EQ-04,2021-12-25,200,240,14,15,408,8
4361,EQ-01,2021-12-26,221,240,9,15,554,6
4362,EQ-02,2021-12-26,213,240,19,15,455,6
4363,EQ-03,2021-12-26,215,240,23,15,404,8
4364,EQ-04,2021-12-26,206,240,16,15,383,6
4365,EQ-01,2021-12-27,412,480,27,30,1118,18
4366,EQ-02,2021-12-27,473,480,15,19,1485,11
4367,EQ-03,2021-12-27,419,480,44,17,1218,7
4368,EQ-04,2021-12-27,384,480,26,25,1046,9
4369,EQ-01,2021-12-28,425,480,45,27,1227,10
4370,EQ-02,2021-12-28,388,480,39,24,1218,16
4371,EQ-03,2021-12-28,436,480,26,22,1345,9
4372,EQ-04,2021-12-28,433,480,43,16,1415,13
4373,EQ-01,2021-12-29,449,480,37,16,1439,19
4374,EQ-02,2021-12-29,404,480,45,22,1257,14
4375,EQ-03,2021-12-29,449,480,42,21,1560,14
4376,EQ-04,2021-12-29,402,480,30,22,1391,25
4377,EQ-01,2021-12-30,418,480,35,19,1553,6
4378,EQ-02,2021-12-30,422,480,31,16,1456,19
4379,EQ-03,2021-12-30,415,480,13,27,1368,19
4380,EQ-04,2021-12-30,459,480,31,26,1081,16
4381,EQ-01,2021-12-31,430,480,20,21,1578,10
4382,EQ-02,2021-12-31,473,480,10,16,1553,15
4383,EQ-03,2021-12-31,421,480,16,16,1505,25
4384,EQ-04,2021-12-31,469,480,29,15,1682,24
